t,up
0.0000,-2.51637
0.0200,-2.51580
0.0400,-2.51522
0.0600,-2.51465
0.0800,-2.51407
0.1000,-2.51349
0.1200,-2.51291
0.1400,-2.51233
0.1600,-2.51175
0.1800,-2.51116
0.2000,-2.51058
0.2200,-2.50999
0.2400,-2.50940
0.2600,-2.50881
0.2800,-2.50822
0.3000,-2.50762
0.3200,-2.50703
0.3400,-2.50643
0.3600,-2.50584
0.3800,-2.50524
0.4000,-2.50464
0.4200,-2.50403
0.4400,-2.50343
0.4600,-2.50283
0.4800,-2.50222
0.5000,-2.50161
0.5200,-2.50100
0.5400,-2.50039
0.5600,-2.49978
0.5800,-2.49917
0.6000,-2.49855
0.6200,-2.49794
0.6400,-2.49732
0.6600,-2.49670
0.6800,-2.49608
0.7000,-2.49546
0.7200,-2.49483
0.7400,-2.49421
0.7600,-2.49358
0.7800,-2.49296
0.8000,-2.49233
0.8200,-2.49170
0.8400,-2.49106
0.8600,-2.49043
0.8800,-2.48980
0.9000,-2.48916
0.9200,-2.48852
0.9400,-2.48788
0.9600,-2.48724
0.9800,-2.48660
1.0000,-2.48596
1.0200,-2.48531
1.0400,-2.48467
1.0600,-2.48402
1.0800,-2.48337
1.1000,-2.48272
1.1200,-2.48207
1.1400,-2.48141
1.1600,-2.48076
1.1800,-2.48010
1.2000,-2.47944
1.2200,-2.47879
1.2400,-2.47812
1.2600,-2.47746
1.2800,-2.47680
1.3000,-2.47613
1.3200,-2.47547
1.3400,-2.47480
1.3600,-2.47413
1.3800,-2.47346
1.4000,-2.47279
1.4200,-2.47212
1.4400,-2.47144
1.4600,-2.47076
1.4800,-2.47009
1.5000,-2.46941
1.5200,-2.46873
1.5400,-2.46805
1.5600,-2.46736
1.5800,-2.46668
1.6000,-2.46599
1.6200,-2.46530
1.6400,-2.46462
1.6600,-2.46392
1.6800,-2.46323
1.7000,-2.46254
1.7200,-2.46185
1.7400,-2.46115
1.7600,-2.46045
1.7800,-2.45975
1.8000,-2.45905
1.8200,-2.45835
1.8400,-2.45765
1.8600,-2.45694
1.8800,-2.45624
1.9000,-2.45553
1.9200,-2.45482
1.9400,-2.45411
1.9600,-2.45340
1.9800,-2.45269
2.0000,-2.45197
2.0200,-2.45126
2.0400,-2.45054
2.0600,-2.44982
2.0800,-2.44910
2.1000,-2.44838
2.1200,-2.44766
2.1400,-2.44693
2.1600,-2.44621
2.1800,-2.44548
2.2000,-2.44475
2.2200,-2.44402
2.2400,-2.44329
2.2600,-2.44256
2.2800,-2.44182
2.3000,-2.44109
2.3200,-2.44035
2.3400,-2.43961
2.3600,-2.43887
2.3800,-2.43813
2.4000,-2.43739
2.4200,-2.43665
2.4400,-2.43590
2.4600,-2.43515
2.4800,-2.43441
2.5000,-2.43366
2.5200,-2.43291
2.5400,-2.43215
2.5600,-2.43140
2.5800,-2.43065
2.6000,-2.42989
2.6200,-2.42913
2.6400,-2.42837
2.6600,-2.42761
2.6800,-2.42685
2.7000,-2.42609
2.7200,-2.42532
2.7400,-2.42456
2.7600,-2.42379
2.7800,-2.42302
2.8000,-2.42225
2.8200,-2.42148
2.8400,-2.42070
2.8600,-2.41993
2.8800,-2.41915
2.9000,-2.41838
2.9200,-2.41760
2.9400,-2.41682
2.9600,-2.41604
2.9800,-2.41525
3.0000,-2.41447
3.0200,-2.41368
3.0400,-2.41290
3.0600,-2.41211
3.0800,-2.41132
3.1000,-2.41053
3.1200,-2.40974
3.1400,-2.40894
3.1600,-2.40815
3.1800,-2.40735
3.2000,-2.40655
3.2200,-2.40575
3.2400,-2.40495
3.2600,-2.40415
3.2800,-2.40335
3.3000,-2.40254
3.3200,-2.40174
3.3400,-2.40093
3.3600,-2.40012
3.3800,-2.39931
3.4000,-2.39850
3.4200,-2.39769
3.4400,-2.39687
3.4600,-2.39606
3.4800,-2.39524
3.5000,-2.39442
3.5200,-2.39360
3.5400,-2.39278
3.5600,-2.39196
3.5800,-2.39113
3.6000,-2.39031
3.6200,-2.38948
3.6400,-2.38865
3.6600,-2.38783
3.6800,-2.38700
3.7000,-2.38616
3.7200,-2.38533
3.7400,-2.38450
3.7600,-2.38366
3.7800,-2.38282
3.8000,-2.38198
3.8200,-2.38114
3.8400,-2.38030
3.8600,-2.37946
3.8800,-2.37861
3.9000,-2.37777
3.9200,-2.37692
3.9400,-2.37607
3.9600,-2.37522
3.9800,-2.37437
4.0000,-2.37352
4.0200,-2.37267
4.0400,-2.37181
4.0600,-2.37096
4.0800,-2.37010
4.1000,-2.36924
4.1200,-2.36838
4.1400,-2.36752
4.1600,-2.36666
4.1800,-2.36579
4.2000,-2.36493
4.2200,-2.36406
4.2400,-2.36319
4.2600,-2.36232
4.2800,-2.36145
4.3000,-2.36058
4.3200,-2.35970
4.3400,-2.35883
4.3600,-2.35795
4.3800,-2.35707
4.4000,-2.35620
4.4200,-2.35532
4.4400,-2.35443
4.4600,-2.35355
4.4800,-2.35267
4.5000,-2.35178
4.5200,-2.35089
4.5400,-2.35001
4.5600,-2.34912
4.5800,-2.34823
4.6000,-2.34733
4.6200,-2.34644
4.6400,-2.34554
4.6600,-2.34465
4.6800,-2.34375
4.7000,-2.34285
4.7200,-2.34195
4.7400,-2.34105
4.7600,-2.34015
4.7800,-2.33924
4.8000,-2.33834
4.8200,-2.33743
4.8400,-2.33652
4.8600,-2.33561
4.8800,-2.33470
4.9000,-2.33379
4.9200,-2.33288
4.9400,-2.33196
4.9600,-2.33105
4.9800,-2.33013
5.0000,-2.32921
5.0200,-2.32829
5.0400,-2.32737
5.0600,-2.32645
5.0800,-2.32553
5.1000,-2.32460
5.1200,-2.32367
5.1400,-2.32275
5.1600,-2.32182
5.1800,-2.32089
5.2000,-2.31996
5.2200,-2.31902
5.2400,-2.31809
5.2600,-2.31715
5.2800,-2.31622
5.3000,-2.31528
5.3200,-2.31434
5.3400,-2.31340
5.3600,-2.31246
5.3800,-2.31151
5.4000,-2.31057
5.4200,-2.30962
5.4400,-2.30868
5.4600,-2.30773
5.4800,-2.30678
5.5000,-2.30583
5.5200,-2.30488
5.5400,-2.30392
5.5600,-2.30297
5.5800,-2.30201
5.6000,-2.30106
5.6200,-2.30010
5.6400,-2.29914
5.6600,-2.29818
5.6800,-2.29721
5.7000,-2.29625
5.7200,-2.29529
5.7400,-2.29432
5.7600,-2.29335
5.7800,-2.29238
5.8000,-2.29141
5.8200,-2.29044
5.8400,-2.28947
5.8600,-2.28850
5.8800,-2.28752
5.9000,-2.28655
5.9200,-2.28557
5.9400,-2.28459
5.9600,-2.28361
5.9800,-2.28263
6.0000,-2.28164
6.0200,-2.28066
6.0400,-2.27968
6.0600,-2.27869
6.0800,-2.27770
6.1000,-2.27671
6.1200,-2.27572
6.1400,-2.27473
6.1600,-2.27374
6.1800,-2.27275
6.2000,-2.27175
6.2200,-2.27075
6.2400,-2.26976
6.2600,-2.26876
6.2800,-2.26776
6.3000,-2.26676
6.3200,-2.26575
6.3400,-2.26475
6.3600,-2.26375
6.3800,-2.26274
6.4000,-2.26173
6.4200,-2.26072
6.4400,-2.25971
6.4600,-2.25870
6.4800,-2.25769
6.5000,-2.25668
6.5200,-2.25566
6.5400,-2.25464
6.5600,-2.25363
6.5800,-2.25261
6.6000,-2.25159
6.6200,-2.25057
6.6400,-2.24955
6.6600,-2.24852
6.6800,-2.24750
6.7000,-2.24647
6.7200,-2.24544
6.7400,-2.24442
6.7600,-2.24339
6.7800,-2.24236
6.8000,-2.24132
6.8200,-2.24029
6.8400,-2.23926
6.8600,-2.23822
6.8800,-2.23718
6.9000,-2.23615
6.9200,-2.23511
6.9400,-2.23407
6.9600,-2.23302
6.9800,-2.23198
7.0000,-2.23094
7.0200,-2.22989
7.0400,-2.22885
7.0600,-2.22780
7.0800,-2.22675
7.1000,-2.22570
7.1200,-2.22465
7.1400,-2.22359
7.1600,-2.22254
7.1800,-2.22149
7.2000,-2.22043
7.2200,-2.21937
7.2400,-2.21831
7.2600,-2.21725
7.2800,-2.21619
7.3000,-2.21513
7.3200,-2.21407
7.3400,-2.21300
7.3600,-2.21194
7.3800,-2.21087
7.4000,-2.20980
7.4200,-2.20873
7.4400,-2.20766
7.4600,-2.20659
7.4800,-2.20552
7.5000,-2.20445
7.5200,-2.20337
7.5400,-2.20229
7.5600,-2.20122
7.5800,-2.20014
7.6000,-2.19906
7.6200,-2.19798
7.6400,-2.19690
7.6600,-2.19581
7.6800,-2.19473
7.7000,-2.19364
7.7200,-2.19256
7.7400,-2.19147
7.7600,-2.19038
7.7800,-2.18929
7.8000,-2.18820
7.8200,-2.18711
7.8400,-2.18601
7.8600,-2.18492
7.8800,-2.18382
7.9000,-2.18272
7.9200,-2.18163
7.9400,-2.18053
7.9600,-2.17943
7.9800,-2.17832
8.0000,-2.17722
8.0200,-2.17612
8.0400,-2.17501
8.0600,-2.17390
8.0800,-2.17280
8.1000,-2.17169
8.1200,-2.17058
8.1400,-2.16947
8.1600,-2.16836
8.1800,-2.16724
8.2000,-2.16613
8.2200,-2.16501
8.2400,-2.16390
8.2600,-2.16278
8.2800,-2.16166
8.3000,-2.16054
8.3200,-2.15942
8.3400,-2.15830
8.3600,-2.15717
8.3800,-2.15605
8.4000,-2.15492
8.4200,-2.15380
8.4400,-2.15267
8.4600,-2.15154
8.4800,-2.15041
8.5000,-2.14928
8.5200,-2.14815
8.5400,-2.14701
8.5600,-2.14588
8.5800,-2.14474
8.6000,-2.14361
8.6200,-2.14247
8.6400,-2.14133
8.6600,-2.14019
8.6800,-2.13905
8.7000,-2.13791
8.7200,-2.13676
8.7400,-2.13562
8.7600,-2.13447
8.7800,-2.13333
8.8000,-2.13218
8.8200,-2.13103
8.8400,-2.12988
8.8600,-2.12873
8.8800,-2.12758
8.9000,-2.12642
8.9200,-2.12527
8.9400,-2.12411
8.9600,-2.12296
8.9800,-2.12180
9.0000,-2.12064
9.0200,-2.11948
9.0400,-2.11832
9.0600,-2.11716
9.0800,-2.11599
9.1000,-2.11483
9.1200,-2.11366
9.1400,-2.11250
9.1600,-2.11133
9.1800,-2.11016
9.2000,-2.10899
9.2200,-2.10782
9.2400,-2.10665
9.2600,-2.10548
9.2800,-2.10430
9.3000,-2.10313
9.3200,-2.10195
9.3400,-2.10078
9.3600,-2.09960
9.3800,-2.09842
9.4000,-2.09724
9.4200,-2.09606
9.4400,-2.09488
9.4600,-2.09369
9.4800,-2.09251
9.5000,-2.09132
9.5200,-2.09014
9.5400,-2.08895
9.5600,-2.08776
9.5800,-2.08657
9.6000,-2.08538
9.6200,-2.08419
9.6400,-2.08300
9.6600,-2.08180
9.6800,-2.08061
9.7000,-2.07941
9.7200,-2.07822
9.7400,-2.07702
9.7600,-2.07582
9.7800,-2.07462
9.8000,-2.07342
9.8200,-2.07222
9.8400,-2.07101
9.8600,-2.06981
9.8800,-2.06860
9.9000,-2.06740
9.9200,-2.06619
9.9400,-2.06498
9.9600,-2.06377
9.9800,-2.06256
10.0000,-2.06135
10.0200,-2.06014
10.0400,-2.05893
10.0600,-2.05771
10.0800,-2.05650
10.1000,-2.05528
10.1200,-2.05406
10.1400,-2.05284
10.1600,-2.05163
10.1800,-2.05041
10.2000,-2.04918
10.2200,-2.04796
10.2400,-2.04674
10.2600,-2.04551
10.2800,-2.04429
10.3000,-2.04306
10.3200,-2.04183
10.3400,-2.04061
10.3600,-2.03938
10.3800,-2.03815
10.4000,-2.03692
10.4200,-2.03568
10.4400,-2.03445
10.4600,-2.03322
10.4800,-2.03198
10.5000,-2.03074
10.5200,-2.02951
10.5400,-2.02827
10.5600,-2.02703
10.5800,-2.02579
10.6000,-2.02455
10.6200,-2.02331
10.6400,-2.02206
10.6600,-2.02082
10.6800,-2.01958
10.7000,-2.01833
10.7200,-2.01708
10.7400,-2.01583
10.7600,-2.01459
10.7800,-2.01334
10.8000,-2.01209
10.8200,-2.01083
10.8400,-2.00958
10.8600,-2.00833
10.8800,-2.00707
10.9000,-2.00582
10.9200,-2.00456
10.9400,-2.00330
10.9600,-2.00204
10.9800,-2.00079
11.0000,-1.99953
11.0200,-1.99826
11.0400,-1.99700
11.0600,-1.99574
11.0800,-1.99447
11.1000,-1.99321
11.1200,-1.99194
11.1400,-1.99068
11.1600,-1.98941
11.1800,-1.98814
11.2000,-1.98687
11.2200,-1.98560
11.2400,-1.98433
11.2600,-1.98306
11.2800,-1.98178
11.3000,-1.98051
11.3200,-1.97923
11.3400,-1.97796
11.3600,-1.97668
11.3800,-1.97540
11.4000,-1.97412
11.4200,-1.97284
11.4400,-1.97156
11.4600,-1.97028
11.4800,-1.96900
11.5000,-1.96772
11.5200,-1.96643
11.5400,-1.96515
11.5600,-1.96386
11.5800,-1.96257
11.6000,-1.96128
11.6200,-1.96000
11.6400,-1.95871
11.6600,-1.95742
11.6800,-1.95612
11.7000,-1.95483
11.7200,-1.95354
11.7400,-1.95224
11.7600,-1.95095
11.7800,-1.94965
11.8000,-1.94836
11.8200,-1.94706
11.8400,-1.94576
11.8600,-1.94446
11.8800,-1.94316
11.9000,-1.94186
11.9200,-1.94056
11.9400,-1.93925
11.9600,-1.93795
11.9800,-1.93664
12.0000,-1.93534
12.0200,-1.93403
12.0400,-1.93273
12.0600,-1.93142
12.0800,-1.93011
12.1000,-1.92880
12.1200,-1.92749
12.1400,-1.92618
12.1600,-1.92486
12.1800,-1.92355
12.2000,-1.92223
12.2200,-1.92092
12.2400,-1.91960
12.2600,-1.91829
12.2800,-1.91697
12.3000,-1.91565
12.3200,-1.91433
12.3400,-1.91301
12.3600,-1.91169
12.3800,-1.91037
12.4000,-1.90905
12.4200,-1.90772
12.4400,-1.90640
12.4600,-1.90507
12.4800,-1.90375
12.5000,-1.90242
12.5200,-1.90109
12.5400,-1.89976
12.5600,-1.89843
12.5800,-1.89710
12.6000,-1.89577
12.6200,-1.89444
12.6400,-1.89311
12.6600,-1.89177
12.6800,-1.89044
12.7000,-1.88910
12.7200,-1.88777
12.7400,-1.88643
12.7600,-1.88509
12.7800,-1.88376
12.8000,-1.88242
12.8200,-1.88108
12.8400,-1.87974
12.8600,-1.87839
12.8800,-1.87705
12.9000,-1.87571
12.9200,-1.87436
12.9400,-1.87302
12.9600,-1.87167
12.9800,-1.87033
13.0000,-1.86898
13.0200,-1.86763
13.0400,-1.86628
13.0600,-1.86493
13.0800,-1.86358
13.1000,-1.86223
13.1200,-1.86088
13.1400,-1.85953
13.1600,-1.85818
13.1800,-1.85682
13.2000,-1.85547
13.2200,-1.85411
13.2400,-1.85275
13.2600,-1.85140
13.2800,-1.85004
13.3000,-1.84868
13.3200,-1.84732
13.3400,-1.84596
13.3600,-1.84460
13.3800,-1.84324
13.4000,-1.84187
13.4200,-1.84051
13.4400,-1.83915
13.4600,-1.83778
13.4800,-1.83641
13.5000,-1.83505
13.5200,-1.83368
13.5400,-1.83231
13.5600,-1.83094
13.5800,-1.82957
13.6000,-1.82820
13.6200,-1.82683
13.6400,-1.82546
13.6600,-1.82409
13.6800,-1.82272
13.7000,-1.82134
13.7200,-1.81997
13.7400,-1.81859
13.7600,-1.81722
13.7800,-1.81584
13.8000,-1.81446
13.8200,-1.81308
13.8400,-1.81170
13.8600,-1.81032
13.8800,-1.80894
13.9000,-1.80756
13.9200,-1.80618
13.9400,-1.80480
13.9600,-1.80342
13.9800,-1.80203
14.0000,-1.80065
14.0200,-1.79926
14.0400,-1.79787
14.0600,-1.79649
14.0800,-1.79510
14.1000,-1.79371
14.1200,-1.79232
14.1400,-1.79093
14.1600,-1.78954
14.1800,-1.78815
14.2000,-1.78676
14.2200,-1.78537
14.2400,-1.78397
14.2600,-1.78258
14.2800,-1.78119
14.3000,-1.77979
14.3200,-1.77839
14.3400,-1.77700
14.3600,-1.77560
14.3800,-1.77420
14.4000,-1.77280
14.4200,-1.77140
14.4400,-1.77000
14.4600,-1.76860
14.4800,-1.76720
14.5000,-1.76580
14.5200,-1.76440
14.5400,-1.76299
14.5600,-1.76159
14.5800,-1.76019
14.6000,-1.75878
14.6200,-1.75737
14.6400,-1.75597
14.6600,-1.75456
14.6800,-1.75315
14.7000,-1.75174
14.7200,-1.75033
14.7400,-1.74892
14.7600,-1.74751
14.7800,-1.74610
14.8000,-1.74469
14.8200,-1.74328
14.8400,-1.74187
14.8600,-1.74045
14.8800,-1.73904
14.9000,-1.73762
14.9200,-1.73621
14.9400,-1.73479
14.9600,-1.73337
14.9800,-1.73196
15.0000,-1.73054
15.0200,-1.72912
15.0400,-1.72770
15.0600,-1.72628
15.0800,-1.72486
15.1000,-1.72344
15.1200,-1.72201
15.1400,-1.72059
15.1600,-1.71917
15.1800,-1.71775
15.2000,-1.71632
15.2200,-1.71490
15.2400,-1.71347
15.2600,-1.71204
15.2800,-1.71062
15.3000,-1.70919
15.3200,-1.70776
15.3400,-1.70633
15.3600,-1.70490
15.3800,-1.70347
15.4000,-1.70204
15.4200,-1.70061
15.4400,-1.69918
15.4600,-1.69775
15.4800,-1.69632
15.5000,-1.69488
15.5200,-1.69345
15.5400,-1.69201
15.5600,-1.69058
15.5800,-1.68914
15.6000,-1.68771
15.6200,-1.68627
15.6400,-1.68483
15.6600,-1.68339
15.6800,-1.68195
15.7000,-1.68052
15.7200,-1.67908
15.7400,-1.67764
15.7600,-1.67619
15.7800,-1.67475
15.8000,-1.67331
15.8200,-1.67187
15.8400,-1.67043
15.8600,-1.66898
15.8800,-1.66754
15.9000,-1.66609
15.9200,-1.66465
15.9400,-1.66320
15.9600,-1.66176
15.9800,-1.66031
16.0000,-1.65886
16.0200,-1.65741
16.0400,-1.65596
16.0600,-1.65451
16.0800,-1.65307
16.1000,-1.65161
16.1200,-1.65016
16.1400,-1.64871
16.1600,-1.64726
16.1800,-1.64581
16.2000,-1.64436
16.2200,-1.64290
16.2400,-1.64145
16.2600,-1.63999
16.2800,-1.63854
16.3000,-1.63708
16.3200,-1.63563
16.3400,-1.63417
16.3600,-1.63271
16.3800,-1.63126
16.4000,-1.62980
16.4200,-1.62834
16.4400,-1.62688
16.4600,-1.62542
16.4800,-1.62396
16.5000,-1.62250
16.5200,-1.62104
16.5400,-1.61958
16.5600,-1.61812
16.5800,-1.61665
16.6000,-1.61519
16.6200,-1.61373
16.6400,-1.61226
16.6600,-1.61080
16.6800,-1.60933
16.7000,-1.60787
16.7200,-1.60640
16.7400,-1.60493
16.7600,-1.60347
16.7800,-1.60200
16.8000,-1.60053
16.8200,-1.59906
16.8400,-1.59759
16.8600,-1.59613
16.8800,-1.59466
16.9000,-1.59319
16.9200,-1.59171
16.9400,-1.59024
16.9600,-1.58877
16.9800,-1.58730
17.0000,-1.58583
17.0200,-1.58435
17.0400,-1.58288
17.0600,-1.58141
17.0800,-1.57993
17.1000,-1.57846
17.1200,-1.57698
17.1400,-1.57551
17.1600,-1.57403
17.1800,-1.57255
17.2000,-1.57108
17.2200,-1.56960
17.2400,-1.56812
17.2600,-1.56664
17.2800,-1.56516
17.3000,-1.56368
17.3200,-1.56220
17.3400,-1.56072
17.3600,-1.55924
17.3800,-1.55776
17.4000,-1.55628
17.4200,-1.55480
17.4400,-1.55332
17.4600,-1.55183
17.4800,-1.55035
17.5000,-1.54887
17.5200,-1.54738
17.5400,-1.54590
17.5600,-1.54441
17.5800,-1.54293
17.6000,-1.54144
17.6200,-1.53996
17.6400,-1.53847
17.6600,-1.53698
17.6800,-1.53550
17.7000,-1.53401
17.7200,-1.53252
17.7400,-1.53103
17.7600,-1.52954
17.7800,-1.52806
17.8000,-1.52657
17.8200,-1.52508
17.8400,-1.52359
17.8600,-1.52209
17.8800,-1.52060
17.9000,-1.51911
17.9200,-1.51762
17.9400,-1.51613
17.9600,-1.51464
17.9800,-1.51314
18.0000,-1.51165
18.0200,-1.51015
18.0400,-1.50866
18.0600,-1.50717
18.0800,-1.50567
18.1000,-1.50418
18.1200,-1.50268
18.1400,-1.50118
18.1600,-1.49969
18.1800,-1.49819
18.2000,-1.49669
18.2200,-1.49520
18.2400,-1.49370
18.2600,-1.49220
18.2800,-1.49070
18.3000,-1.48920
18.3200,-1.48770
18.3400,-1.48621
18.3600,-1.48471
18.3800,-1.48321
18.4000,-1.48170
18.4200,-1.48020
18.4400,-1.47870
18.4600,-1.47720
18.4800,-1.47570
18.5000,-1.47420
18.5200,-1.47269
18.5400,-1.47119
18.5600,-1.46969
18.5800,-1.46819
18.6000,-1.46668
18.6200,-1.46518
18.6400,-1.46367
18.6600,-1.46217
18.6800,-1.46066
18.7000,-1.45916
18.7200,-1.45765
18.7400,-1.45615
18.7600,-1.45464
18.7800,-1.45313
18.8000,-1.45163
18.8200,-1.45012
18.8400,-1.44861
18.8600,-1.44710
18.8800,-1.44559
18.9000,-1.44409
18.9200,-1.44258
18.9400,-1.44107
18.9600,-1.43956
18.9800,-1.43805
19.0000,-1.43654
19.0200,-1.43503
19.0400,-1.43352
19.0600,-1.43201
19.0800,-1.43050
19.1000,-1.42899
19.1200,-1.42747
19.1400,-1.42596
19.1600,-1.42445
19.1800,-1.42294
19.2000,-1.42143
19.2200,-1.41991
19.2400,-1.41840
19.2600,-1.41689
19.2800,-1.41537
19.3000,-1.41386
19.3200,-1.41234
19.3400,-1.41083
19.3600,-1.40931
19.3800,-1.40780
19.4000,-1.40628
19.4200,-1.40477
19.4400,-1.40325
19.4600,-1.40174
19.4800,-1.40022
19.5000,-1.39870
19.5200,-1.39719
19.5400,-1.39567
19.5600,-1.39415
19.5800,-1.39263
19.6000,-1.39112
19.6200,-1.38960
19.6400,-1.38808
19.6600,-1.38656
19.6800,-1.38504
19.7000,-1.38352
19.7200,-1.38200
19.7400,-1.38049
19.7600,-1.37897
19.7800,-1.37745
19.8000,-1.37593
19.8200,-1.37441
19.8400,-1.37288
19.8600,-1.37136
19.8800,-1.36984
19.9000,-1.36832
19.9200,-1.36680
19.9400,-1.36528
19.9600,-1.36376
19.9800,-1.36224
20.0000,-1.36071
20.0200,-1.35919
20.0400,-1.35767
20.0600,-1.35615
20.0800,-1.35462
20.1000,-1.35310
20.1200,-1.35158
20.1400,-1.35005
20.1600,-1.34853
20.1800,-1.34700
20.2000,-1.34548
20.2200,-1.34396
20.2400,-1.34243
20.2600,-1.34091
20.2800,-1.33938
20.3000,-1.33786
20.3200,-1.33633
20.3400,-1.33481
20.3600,-1.33328
20.3800,-1.33175
20.4000,-1.33023
20.4200,-1.32870
20.4400,-1.32718
20.4600,-1.32565
20.4800,-1.32412
20.5000,-1.32260
20.5200,-1.32107
20.5400,-1.31954
20.5600,-1.31802
20.5800,-1.31649
20.6000,-1.31496
20.6200,-1.31343
20.6400,-1.31190
20.6600,-1.31038
20.6800,-1.30885
20.7000,-1.30732
20.7200,-1.30579
20.7400,-1.30426
20.7600,-1.30273
20.7800,-1.30121
20.8000,-1.29968
20.8200,-1.29815
20.8400,-1.29662
20.8600,-1.29509
20.8800,-1.29356
20.9000,-1.29203
20.9200,-1.29050
20.9400,-1.28897
20.9600,-1.28744
20.9800,-1.28591
21.0000,-1.28438
21.0200,-1.28285
21.0400,-1.28132
21.0600,-1.27979
21.0800,-1.27826
21.1000,-1.27673
21.1200,-1.27520
21.1400,-1.27366
21.1600,-1.27213
21.1800,-1.27060
21.2000,-1.26907
21.2200,-1.26754
21.2400,-1.26601
21.2600,-1.26448
21.2800,-1.26294
21.3000,-1.26141
21.3200,-1.25988
21.3400,-1.25835
21.3600,-1.25682
21.3800,-1.25528
21.4000,-1.25375
21.4200,-1.25222
21.4400,-1.25069
21.4600,-1.24915
21.4800,-1.24762
21.5000,-1.24609
21.5200,-1.24455
21.5400,-1.24302
21.5600,-1.24149
21.5800,-1.23996
21.6000,-1.23842
21.6200,-1.23689
21.6400,-1.23536
21.6600,-1.23382
21.6800,-1.23229
21.7000,-1.23076
21.7200,-1.22922
21.7400,-1.22769
21.7600,-1.22615
21.7800,-1.22462
21.8000,-1.22309
21.8200,-1.22155
21.8400,-1.22002
21.8600,-1.21849
21.8800,-1.21695
21.9000,-1.21542
21.9200,-1.21388
21.9400,-1.21235
21.9600,-1.21081
21.9800,-1.20928
22.0000,-1.20775
22.0200,-1.20621
22.0400,-1.20468
22.0600,-1.20314
22.0800,-1.20161
22.1000,-1.20007
22.1200,-1.19854
22.1400,-1.19701
22.1600,-1.19547
22.1800,-1.19394
22.2000,-1.19240
22.2200,-1.19087
22.2400,-1.18933
22.2600,-1.18780
22.2800,-1.18626
22.3000,-1.18473
22.3200,-1.18319
22.3400,-1.18166
22.3600,-1.18012
22.3800,-1.17859
22.4000,-1.17705
22.4200,-1.17552
22.4400,-1.17399
22.4600,-1.17245
22.4800,-1.17092
22.5000,-1.16938
22.5200,-1.16785
22.5400,-1.16631
22.5600,-1.16478
22.5800,-1.16324
22.6000,-1.16171
22.6200,-1.16017
22.6400,-1.15864
22.6600,-1.15710
22.6800,-1.15557
22.7000,-1.15403
22.7200,-1.15250
22.7400,-1.15096
22.7600,-1.14943
22.7800,-1.14789
22.8000,-1.14636
22.8200,-1.14483
22.8400,-1.14329
22.8600,-1.14176
22.8800,-1.14022
22.9000,-1.13869
22.9200,-1.13715
22.9400,-1.13562
22.9600,-1.13408
22.9800,-1.13255
23.0000,-1.13102
23.0200,-1.12948
23.0400,-1.12795
23.0600,-1.12641
23.0800,-1.12488
23.1000,-1.12335
23.1200,-1.12181
23.1400,-1.12028
23.1600,-1.11874
23.1800,-1.11721
23.2000,-1.11568
23.2200,-1.11414
23.2400,-1.11261
23.2600,-1.11107
23.2800,-1.10954
23.3000,-1.10801
23.3200,-1.10647
23.3400,-1.10494
23.3600,-1.10341
23.3800,-1.10187
23.4000,-1.10034
23.4200,-1.09881
23.4400,-1.09727
23.4600,-1.09574
23.4800,-1.09421
23.5000,-1.09268
23.5200,-1.09114
23.5400,-1.08961
23.5600,-1.08808
23.5800,-1.08655
23.6000,-1.08501
23.6200,-1.08348
23.6400,-1.08195
23.6600,-1.08042
23.6800,-1.07888
23.7000,-1.07735
23.7200,-1.07582
23.7400,-1.07429
23.7600,-1.07276
23.7800,-1.07123
23.8000,-1.06969
23.8200,-1.06816
23.8400,-1.06663
23.8600,-1.06510
23.8800,-1.06357
23.9000,-1.06204
23.9200,-1.06051
23.9400,-1.05898
23.9600,-1.05745
23.9800,-1.05591
24.0000,-1.05438
24.0200,-1.05285
24.0400,-1.05132
24.0600,-1.04979
24.0800,-1.04826
24.1000,-1.04673
24.1200,-1.04520
24.1400,-1.04367
24.1600,-1.04215
24.1800,-1.04062
24.2000,-1.03909
24.2200,-1.03756
24.2400,-1.03603
24.2600,-1.03450
24.2800,-1.03297
24.3000,-1.03144
24.3200,-1.02991
24.3400,-1.02839
24.3600,-1.02686
24.3800,-1.02533
24.4000,-1.02380
24.4200,-1.02227
24.4400,-1.02075
24.4600,-1.01922
24.4800,-1.01769
24.5000,-1.01616
24.5200,-1.01464
24.5400,-1.01311
24.5600,-1.01158
24.5800,-1.01006
24.6000,-1.00853
24.6200,-1.00701
24.6400,-1.00548
24.6600,-1.00395
24.6800,-1.00243
24.7000,-1.00090
24.7200,-0.99938
24.7400,-0.99785
24.7600,-0.99633
24.7800,-0.99480
24.8000,-0.99328
24.8200,-0.99175
24.8400,-0.99023
24.8600,-0.98870
24.8800,-0.98718
24.9000,-0.98566
24.9200,-0.98413
24.9400,-0.98261
24.9600,-0.98109
24.9800,-0.97956
25.0000,-0.97804
25.0200,-0.97652
25.0400,-0.97500
25.0600,-0.97347
25.0800,-0.97195
25.1000,-0.97043
25.1200,-0.96891
25.1400,-0.96739
25.1600,-0.96586
25.1800,-0.96434
25.2000,-0.96282
25.2200,-0.96130
25.2400,-0.95978
25.2600,-0.95826
25.2800,-0.95674
25.3000,-0.95522
25.3200,-0.95370
25.3400,-0.95218
25.3600,-0.95066
25.3800,-0.94914
25.4000,-0.94762
25.4200,-0.94611
25.4400,-0.94459
25.4600,-0.94307
25.4800,-0.94155
25.5000,-0.94003
25.5200,-0.93852
25.5400,-0.93700
25.5600,-0.93548
25.5800,-0.93396
25.6000,-0.93245
25.6200,-0.93093
25.6400,-0.92941
25.6600,-0.92790
25.6800,-0.92638
25.7000,-0.92487
25.7200,-0.92335
25.7400,-0.92184
25.7600,-0.92032
25.7800,-0.91881
25.8000,-0.91729
25.8200,-0.91578
25.8400,-0.91427
25.8600,-0.91275
25.8800,-0.91124
25.9000,-0.90973
25.9200,-0.90821
25.9400,-0.90670
25.9600,-0.90519
25.9800,-0.90368
26.0000,-0.90216
26.0200,-0.90065
26.0400,-0.89914
26.0600,-0.89763
26.0800,-0.89612
26.1000,-0.89461
26.1200,-0.89310
26.1400,-0.89159
26.1600,-0.89008
26.1800,-0.88857
26.2000,-0.88706
26.2200,-0.88555
26.2400,-0.88404
26.2600,-0.88253
26.2800,-0.88103
26.3000,-0.87952
26.3200,-0.87801
26.3400,-0.87650
26.3600,-0.87500
26.3800,-0.87349
26.4000,-0.87198
26.4200,-0.87048
26.4400,-0.86897
26.4600,-0.86747
26.4800,-0.86596
26.5000,-0.86445
26.5200,-0.86295
26.5400,-0.86145
26.5600,-0.85994
26.5800,-0.85844
26.6000,-0.85693
26.6200,-0.85543
26.6400,-0.85393
26.6600,-0.85242
26.6800,-0.85092
26.7000,-0.84942
26.7200,-0.84792
26.7400,-0.84642
26.7600,-0.84492
26.7800,-0.84341
26.8000,-0.84191
26.8200,-0.84041
26.8400,-0.83891
26.8600,-0.83741
26.8800,-0.83591
26.9000,-0.83442
26.9200,-0.83292
26.9400,-0.83142
26.9600,-0.82992
26.9800,-0.82842
27.0000,-0.82693
27.0200,-0.82543
27.0400,-0.82393
27.0600,-0.82243
27.0800,-0.82094
27.1000,-0.81944
27.1200,-0.81795
27.1400,-0.81645
27.1600,-0.81496
27.1800,-0.81346
27.2000,-0.81197
27.2200,-0.81047
27.2400,-0.80898
27.2600,-0.80749
27.2800,-0.80599
27.3000,-0.80450
27.3200,-0.80301
27.3400,-0.80152
27.3600,-0.80003
27.3800,-0.79854
27.4000,-0.79704
27.4200,-0.79555
27.4400,-0.79406
27.4600,-0.79257
27.4800,-0.79108
27.5000,-0.78960
27.5200,-0.78811
27.5400,-0.78662
27.5600,-0.78513
27.5800,-0.78364
27.6000,-0.78215
27.6200,-0.78067
27.6400,-0.77918
27.6600,-0.77769
27.6800,-0.77621
27.7000,-0.77472
27.7200,-0.77324
27.7400,-0.77175
27.7600,-0.77027
27.7800,-0.76878
27.8000,-0.76730
27.8200,-0.76582
27.8400,-0.76433
27.8600,-0.76285
27.8800,-0.76137
27.9000,-0.75989
27.9200,-0.75841
27.9400,-0.75692
27.9600,-0.75544
27.9800,-0.75396
28.0000,-0.75248
28.0200,-0.75100
28.0400,-0.74952
28.0600,-0.74804
28.0800,-0.74657
28.1000,-0.74509
28.1200,-0.74361
28.1400,-0.74213
28.1600,-0.74066
28.1800,-0.73918
28.2000,-0.73770
28.2200,-0.73623
28.2400,-0.73475
28.2600,-0.73328
28.2800,-0.73180
28.3000,-0.73033
28.3200,-0.72885
28.3400,-0.72738
28.3600,-0.72591
28.3800,-0.72443
28.4000,-0.72296
28.4200,-0.72149
28.4400,-0.72002
28.4600,-0.71855
28.4800,-0.71708
28.5000,-0.71561
28.5200,-0.71414
28.5400,-0.71267
28.5600,-0.71120
28.5800,-0.70973
28.6000,-0.70826
28.6200,-0.70679
28.6400,-0.70533
28.6600,-0.70386
28.6800,-0.70239
28.7000,-0.70093
28.7200,-0.69946
28.7400,-0.69800
28.7600,-0.69653
28.7800,-0.69507
28.8000,-0.69360
28.8200,-0.69214
28.8400,-0.69067
28.8600,-0.68921
28.8800,-0.68775
28.9000,-0.68629
28.9200,-0.68483
28.9400,-0.68337
28.9600,-0.68190
28.9800,-0.68044
29.0000,-0.67898
29.0200,-0.67752
29.0400,-0.67607
29.0600,-0.67461
29.0800,-0.67315
29.1000,-0.67169
29.1200,-0.67023
29.1400,-0.66878
29.1600,-0.66732
29.1800,-0.66587
29.2000,-0.66441
29.2200,-0.66295
29.2400,-0.66150
29.2600,-0.66005
29.2800,-0.65859
29.3000,-0.65714
29.3200,-0.65569
29.3400,-0.65423
29.3600,-0.65278
29.3800,-0.65133
29.4000,-0.64988
29.4200,-0.64843
29.4400,-0.64698
29.4600,-0.64553
29.4800,-0.64408
29.5000,-0.64263
29.5200,-0.64118
29.5400,-0.63974
29.5600,-0.63829
29.5800,-0.63684
29.6000,-0.63539
29.6200,-0.63395
29.6400,-0.63250
29.6600,-0.63106
29.6800,-0.62961
29.7000,-0.62817
29.7200,-0.62673
29.7400,-0.62528
29.7600,-0.62384
29.7800,-0.62240
29.8000,-0.62096
29.8200,-0.61951
29.8400,-0.61807
29.8600,-0.61663
29.8800,-0.61519
29.9000,-0.61375
29.9200,-0.61231
29.9400,-0.61088
29.9600,-0.60944
29.9800,-0.60800
30.0000,-0.60656
30.0200,-0.60513
30.0400,-0.60369
30.0600,-0.60226
30.0800,-0.60082
30.1000,-0.59939
30.1200,-0.59795
30.1400,-0.59652
30.1600,-0.59508
30.1800,-0.59365
30.2000,-0.59222
30.2200,-0.59079
30.2400,-0.58936
30.2600,-0.58793
30.2800,-0.58650
30.3000,-0.58507
30.3200,-0.58364
30.3400,-0.58221
30.3600,-0.58078
30.3800,-0.57935
30.4000,-0.57792
30.4200,-0.57650
30.4400,-0.57507
30.4600,-0.57365
30.4800,-0.57222
30.5000,-0.57080
30.5200,-0.56937
30.5400,-0.56795
30.5600,-0.56652
30.5800,-0.56510
30.6000,-0.56368
30.6200,-0.56226
30.6400,-0.56084
30.6600,-0.55941
30.6800,-0.55799
30.7000,-0.55658
30.7200,-0.55516
30.7400,-0.55374
30.7600,-0.55232
30.7800,-0.55090
30.8000,-0.54948
30.8200,-0.54807
30.8400,-0.54665
30.8600,-0.54524
30.8800,-0.54382
30.9000,-0.54241
30.9200,-0.54099
30.9400,-0.53958
30.9600,-0.53817
30.9800,-0.53675
31.0000,-0.53534
31.0200,-0.53393
31.0400,-0.53252
31.0600,-0.53111
31.0800,-0.52970
31.1000,-0.52829
31.1200,-0.52688
31.1400,-0.52547
31.1600,-0.52406
31.1800,-0.52266
31.2000,-0.52125
31.2200,-0.51984
31.2400,-0.51844
31.2600,-0.51703
31.2800,-0.51563
31.3000,-0.51422
31.3200,-0.51282
31.3400,-0.51142
31.3600,-0.51001
31.3800,-0.50861
31.4000,-0.50721
31.4200,-0.50581
31.4400,-0.50441
31.4600,-0.50301
31.4800,-0.50161
31.5000,-0.50021
31.5200,-0.49881
31.5400,-0.49742
31.5600,-0.49602
31.5800,-0.49462
31.6000,-0.49323
31.6200,-0.49183
31.6400,-0.49044
31.6600,-0.48904
31.6800,-0.48765
31.7000,-0.48626
31.7200,-0.48486
31.7400,-0.48347
31.7600,-0.48208
31.7800,-0.48069
31.8000,-0.47930
31.8200,-0.47791
31.8400,-0.47652
31.8600,-0.47513
31.8800,-0.47374
31.9000,-0.47235
31.9200,-0.47097
31.9400,-0.46958
31.9600,-0.46819
31.9800,-0.46681
32.0000,-0.46542
32.0200,-0.46404
32.0400,-0.46265
32.0600,-0.46127
32.0800,-0.45989
32.1000,-0.45851
32.1200,-0.45712
32.1400,-0.45574
32.1600,-0.45436
32.1800,-0.45298
32.2000,-0.45160
32.2200,-0.45022
32.2400,-0.44885
32.2600,-0.44747
32.2800,-0.44609
32.3000,-0.44472
32.3200,-0.44334
32.3400,-0.44196
32.3600,-0.44059
32.3800,-0.43921
32.4000,-0.43784
32.4200,-0.43647
32.4400,-0.43510
32.4600,-0.43372
32.4800,-0.43235
32.5000,-0.43098
32.5200,-0.42961
32.5400,-0.42824
32.5600,-0.42687
32.5800,-0.42550
32.6000,-0.42414
32.6200,-0.42277
32.6400,-0.42140
32.6600,-0.42004
32.6800,-0.41867
32.7000,-0.41731
32.7200,-0.41594
32.7400,-0.41458
32.7600,-0.41321
32.7800,-0.41185
32.8000,-0.41049
32.8200,-0.40913
32.8400,-0.40777
32.8600,-0.40641
32.8800,-0.40505
32.9000,-0.40369
32.9200,-0.40233
32.9400,-0.40097
32.9600,-0.39961
32.9800,-0.39826
33.0000,-0.39690
33.0200,-0.39554
33.0400,-0.39419
33.0600,-0.39283
33.0800,-0.39148
33.1000,-0.39013
33.1200,-0.38877
33.1400,-0.38742
33.1600,-0.38607
33.1800,-0.38472
33.2000,-0.38337
33.2200,-0.38202
33.2400,-0.38067
33.2600,-0.37932
33.2800,-0.37797
33.3000,-0.37663
33.3200,-0.37528
33.3400,-0.37393
33.3600,-0.37259
33.3800,-0.37124
33.4000,-0.36990
33.4200,-0.36856
33.4400,-0.36721
33.4600,-0.36587
33.4800,-0.36453
33.5000,-0.36319
33.5200,-0.36185
33.5400,-0.36051
33.5600,-0.35917
33.5800,-0.35783
33.6000,-0.35649
33.6200,-0.35515
33.6400,-0.35381
33.6600,-0.35248
33.6800,-0.35114
33.7000,-0.34981
33.7200,-0.34847
33.7400,-0.34714
33.7600,-0.34580
33.7800,-0.34447
33.8000,-0.34314
33.8200,-0.34181
33.8400,-0.34048
33.8600,-0.33915
33.8800,-0.33782
33.9000,-0.33649
33.9200,-0.33516
33.9400,-0.33383
33.9600,-0.33250
33.9800,-0.33118
34.0000,-0.32985
34.0200,-0.32852
34.0400,-0.32720
34.0600,-0.32587
34.0800,-0.32455
34.1000,-0.32323
34.1200,-0.32190
34.1400,-0.32058
34.1600,-0.31926
34.1800,-0.31794
34.2000,-0.31662
34.2200,-0.31530
34.2400,-0.31398
34.2600,-0.31266
34.2800,-0.31135
34.3000,-0.31003
34.3200,-0.30871
34.3400,-0.30740
34.3600,-0.30608
34.3800,-0.30477
34.4000,-0.30345
34.4200,-0.30214
34.4400,-0.30083
34.4600,-0.29952
34.4800,-0.29821
34.5000,-0.29689
34.5200,-0.29558
34.5400,-0.29428
34.5600,-0.29297
34.5800,-0.29166
34.6000,-0.29035
34.6200,-0.28904
34.6400,-0.28774
34.6600,-0.28643
34.6800,-0.28513
34.7000,-0.28382
34.7200,-0.28252
34.7400,-0.28121
34.7600,-0.27991
34.7800,-0.27861
34.8000,-0.27731
34.8200,-0.27601
34.8400,-0.27471
34.8600,-0.27341
34.8800,-0.27211
34.9000,-0.27081
34.9200,-0.26951
34.9400,-0.26822
34.9600,-0.26692
34.9800,-0.26563
35.0000,-0.26433
35.0200,-0.26304
35.0400,-0.26174
35.0600,-0.26045
35.0800,-0.25916
35.1000,-0.25786
35.1200,-0.25657
35.1400,-0.25528
35.1600,-0.25399
35.1800,-0.25270
35.2000,-0.25141
35.2200,-0.25013
35.2400,-0.24884
35.2600,-0.24755
35.2800,-0.24627
35.3000,-0.24498
35.3200,-0.24370
35.3400,-0.24241
35.3600,-0.24113
35.3800,-0.23984
35.4000,-0.23856
35.4200,-0.23728
35.4400,-0.23600
35.4600,-0.23472
35.4800,-0.23344
35.5000,-0.23216
35.5200,-0.23088
35.5400,-0.22960
35.5600,-0.22833
35.5800,-0.22705
35.6000,-0.22577
35.6200,-0.22450
35.6400,-0.22322
35.6600,-0.22195
35.6800,-0.22068
35.7000,-0.21940
35.7200,-0.21813
35.7400,-0.21686
35.7600,-0.21559
35.7800,-0.21432
35.8000,-0.21305
35.8200,-0.21178
35.8400,-0.21051
35.8600,-0.20924
35.8800,-0.20798
35.9000,-0.20671
35.9200,-0.20544
35.9400,-0.20418
35.9600,-0.20291
35.9800,-0.20165
36.0000,-0.20039
36.0200,-0.19913
36.0400,-0.19786
36.0600,-0.19660
36.0800,-0.19534
36.1000,-0.19408
36.1200,-0.19282
36.1400,-0.19156
36.1600,-0.19031
36.1800,-0.18905
36.2000,-0.18779
36.2200,-0.18653
36.2400,-0.18528
36.2600,-0.18402
36.2800,-0.18277
36.3000,-0.18152
36.3200,-0.18026
36.3400,-0.17901
36.3600,-0.17776
36.3800,-0.17651
36.4000,-0.17526
36.4200,-0.17401
36.4400,-0.17276
36.4600,-0.17151
36.4800,-0.17026
36.5000,-0.16902
36.5200,-0.16777
36.5400,-0.16652
36.5600,-0.16528
36.5800,-0.16404
36.6000,-0.16279
36.6200,-0.16155
36.6400,-0.16031
36.6600,-0.15906
36.6800,-0.15782
36.7000,-0.15658
36.7200,-0.15534
36.7400,-0.15410
36.7600,-0.15286
36.7800,-0.15163
36.8000,-0.15039
36.8200,-0.14915
36.8400,-0.14792
36.8600,-0.14668
36.8800,-0.14545
36.9000,-0.14421
36.9200,-0.14298
36.9400,-0.14174
36.9600,-0.14051
36.9800,-0.13928
37.0000,-0.13805
37.0200,-0.13682
37.0400,-0.13559
37.0600,-0.13436
37.0800,-0.13313
37.1000,-0.13191
37.1200,-0.13068
37.1400,-0.12945
37.1600,-0.12823
37.1800,-0.12700
37.2000,-0.12578
37.2200,-0.12455
37.2400,-0.12333
37.2600,-0.12211
37.2800,-0.12089
37.3000,-0.11966
37.3200,-0.11844
37.3400,-0.11722
37.3600,-0.11600
37.3800,-0.11479
37.4000,-0.11357
37.4200,-0.11235
37.4400,-0.11113
37.4600,-0.10992
37.4800,-0.10870
37.5000,-0.10749
37.5200,-0.10627
37.5400,-0.10506
37.5600,-0.10385
37.5800,-0.10264
37.6000,-0.10142
37.6200,-0.10021
37.6400,-0.09900
37.6600,-0.09779
37.6800,-0.09658
37.7000,-0.09538
37.7200,-0.09417
37.7400,-0.09296
37.7600,-0.09176
37.7800,-0.09055
37.8000,-0.08934
37.8200,-0.08814
37.8400,-0.08694
37.8600,-0.08573
37.8800,-0.08453
37.9000,-0.08333
37.9200,-0.08213
37.9400,-0.08093
37.9600,-0.07973
37.9800,-0.07853
38.0000,-0.07733
38.0200,-0.07613
38.0400,-0.07493
38.0600,-0.07374
38.0800,-0.07254
38.1000,-0.07135
38.1200,-0.07015
38.1400,-0.06896
38.1600,-0.06776
38.1800,-0.06657
38.2000,-0.06538
38.2200,-0.06419
38.2400,-0.06300
38.2600,-0.06181
38.2800,-0.06062
38.3000,-0.05943
38.3200,-0.05824
38.3400,-0.05705
38.3600,-0.05587
38.3800,-0.05468
38.4000,-0.05349
38.4200,-0.05231
38.4400,-0.05113
38.4600,-0.04994
38.4800,-0.04876
38.5000,-0.04758
38.5200,-0.04639
38.5400,-0.04521
38.5600,-0.04403
38.5800,-0.04285
38.6000,-0.04167
38.6200,-0.04050
38.6400,-0.03932
38.6600,-0.03814
38.6800,-0.03696
38.7000,-0.03579
38.7200,-0.03461
38.7400,-0.03344
38.7600,-0.03226
38.7800,-0.03109
38.8000,-0.02992
38.8200,-0.02875
38.8400,-0.02757
38.8600,-0.02640
38.8800,-0.02523
38.9000,-0.02406
38.9200,-0.02289
38.9400,-0.02173
38.9600,-0.02056
38.9800,-0.01939
39.0000,-0.01822
39.0200,-0.01706
39.0400,-0.01589
39.0600,-0.01473
39.0800,-0.01357
39.1000,-0.01240
39.1200,-0.01124
39.1400,-0.01008
39.1600,-0.00892
39.1800,-0.00776
39.2000,-0.00660
39.2200,-0.00544
39.2400,-0.00428
39.2600,-0.00312
39.2800,-0.00196
39.3000,-0.00081
39.3200,0.00035
39.3400,0.00151
39.3600,0.00266
39.3800,0.00382
39.4000,0.00497
39.4200,0.00612
39.4400,0.00727
39.4600,0.00843
39.4800,0.00958
39.5000,0.01073
39.5200,0.01188
39.5400,0.01303
39.5600,0.01418
39.5800,0.01532
39.6000,0.01647
39.6200,0.01762
39.6400,0.01876
39.6600,0.01991
39.6800,0.02105
39.7000,0.02220
39.7200,0.02334
39.7400,0.02448
39.7600,0.02563
39.7800,0.02677
39.8000,0.02791
39.8200,0.02905
39.8400,0.03019
39.8600,0.03133
39.8800,0.03247
39.9000,0.03360
39.9200,0.03474
39.9400,0.03588
39.9600,0.03701
39.9800,0.03815
40.0000,0.03928
40.0200,0.04042
40.0400,0.04155
40.0600,0.04268
40.0800,0.04382
40.1000,0.04495
40.1200,0.04608
40.1400,0.04721
40.1600,0.04834
40.1800,0.04947
40.2000,0.05060
40.2200,0.05172
40.2400,0.05285
40.2600,0.05398
40.2800,0.05510
40.3000,0.05623
40.3200,0.05735
40.3400,0.05848
40.3600,0.05960
40.3800,0.06073
40.4000,0.06185
40.4200,0.06297
40.4400,0.06409
40.4600,0.06521
40.4800,0.06633
40.5000,0.06745
40.5200,0.06857
40.5400,0.06969
40.5600,0.07080
40.5800,0.07192
40.6000,0.07304
40.6200,0.07415
40.6400,0.07527
40.6600,0.07638
40.6800,0.07749
40.7000,0.07861
40.7200,0.07972
40.7400,0.08083
40.7600,0.08194
40.7800,0.08305
40.8000,0.08416
40.8200,0.08527
40.8400,0.08638
40.8600,0.08749
40.8800,0.08860
40.9000,0.08970
40.9200,0.09081
40.9400,0.09192
40.9600,0.09302
40.9800,0.09413
41.0000,0.09523
41.0200,0.09633
41.0400,0.09744
41.0600,0.09854
41.0800,0.09964
41.1000,0.10074
41.1200,0.10184
41.1400,0.10294
41.1600,0.10404
41.1800,0.10514
41.2000,0.10623
41.2200,0.10733
41.2400,0.10843
41.2600,0.10952
41.2800,0.11062
41.3000,0.11171
41.3200,0.11281
41.3400,0.11390
41.3600,0.11500
41.3800,0.11609
41.4000,0.11718
41.4200,0.11827
41.4400,0.11936
41.4600,0.12045
41.4800,0.12154
41.5000,0.12263
41.5200,0.12372
41.5400,0.12481
41.5600,0.12589
41.5800,0.12698
41.6000,0.12807
41.6200,0.12915
41.6400,0.13024
41.6600,0.13132
41.6800,0.13240
41.7000,0.13349
41.7200,0.13457
41.7400,0.13565
41.7600,0.13673
41.7800,0.13781
41.8000,0.13889
41.8200,0.13997
41.8400,0.14105
41.8600,0.14213
41.8800,0.14321
41.9000,0.14428
41.9200,0.14536
41.9400,0.14643
41.9600,0.14751
41.9800,0.14858
42.0000,0.14966
42.0200,0.15073
42.0400,0.15180
42.0600,0.15288
42.0800,0.15395
42.1000,0.15502
42.1200,0.15609
42.1400,0.15716
42.1600,0.15823
42.1800,0.15930
42.2000,0.16037
42.2200,0.16144
42.2400,0.16250
42.2600,0.16357
42.2800,0.16464
42.3000,0.16570
42.3200,0.16677
42.3400,0.16783
42.3600,0.16889
42.3800,0.16996
42.4000,0.17102
42.4200,0.17208
42.4400,0.17314
42.4600,0.17420
42.4800,0.17526
42.5000,0.17632
42.5200,0.17738
42.5400,0.17844
42.5600,0.17950
42.5800,0.18056
42.6000,0.18161
42.6200,0.18267
42.6400,0.18373
42.6600,0.18478
42.6800,0.18584
42.7000,0.18689
42.7200,0.18794
42.7400,0.18900
42.7600,0.19005
42.7800,0.19110
42.8000,0.19215
42.8200,0.19320
42.8400,0.19425
42.8600,0.19530
42.8800,0.19635
42.9000,0.19740
42.9200,0.19845
42.9400,0.19949
42.9600,0.20054
42.9800,0.20159
43.0000,0.20263
43.0200,0.20368
43.0400,0.20472
43.0600,0.20577
43.0800,0.20681
43.1000,0.20785
43.1200,0.20890
43.1400,0.20994
43.1600,0.21098
43.1800,0.21202
43.2000,0.21306
43.2200,0.21410
43.2400,0.21514
43.2600,0.21618
43.2800,0.21721
43.3000,0.21825
43.3200,0.21929
43.3400,0.22033
43.3600,0.22136
43.3800,0.22240
43.4000,0.22343
43.4200,0.22447
43.4400,0.22550
43.4600,0.22653
43.4800,0.22756
43.5000,0.22860
43.5200,0.22963
43.5400,0.23066
43.5600,0.23169
43.5800,0.23272
43.6000,0.23375
43.6200,0.23478
43.6400,0.23581
43.6600,0.23683
43.6800,0.23786
43.7000,0.23889
43.7200,0.23991
43.7400,0.24094
43.7600,0.24196
43.7800,0.24299
43.8000,0.24401
43.8200,0.24504
43.8400,0.24606
43.8600,0.24708
43.8800,0.24810
43.9000,0.24913
43.9200,0.25015
43.9400,0.25117
43.9600,0.25219
43.9800,0.25321
44.0000,0.25423
44.0200,0.25524
44.0400,0.25626
44.0600,0.25728
44.0800,0.25830
44.1000,0.25931
44.1200,0.26033
44.1400,0.26134
44.1600,0.26236
44.1800,0.26337
44.2000,0.26439
44.2200,0.26540
44.2400,0.26641
44.2600,0.26742
44.2800,0.26844
44.3000,0.26945
44.3200,0.27046
44.3400,0.27147
44.3600,0.27248
44.3800,0.27349
44.4000,0.27449
44.4200,0.27550
44.4400,0.27651
44.4600,0.27752
44.4800,0.27852
44.5000,0.27953
44.5200,0.28054
44.5400,0.28154
44.5600,0.28255
44.5800,0.28355
44.6000,0.28455
44.6200,0.28556
44.6400,0.28656
44.6600,0.28756
44.6800,0.28856
44.7000,0.28956
44.7200,0.29056
44.7400,0.29156
44.7600,0.29256
44.7800,0.29356
44.8000,0.29456
44.8200,0.29556
44.8400,0.29656
44.8600,0.29756
44.8800,0.29855
44.9000,0.29955
44.9200,0.30054
44.9400,0.30154
44.9600,0.30253
44.9800,0.30353
45.0000,0.30452
45.0200,0.30552
45.0400,0.30651
45.0600,0.30750
45.0800,0.30849
45.1000,0.30948
45.1200,0.31048
45.1400,0.31147
45.1600,0.31246
45.1800,0.31345
45.2000,0.31443
45.2200,0.31542
45.2400,0.31641
45.2600,0.31740
45.2800,0.31839
45.3000,0.31937
45.3200,0.32036
45.3400,0.32135
45.3600,0.32233
45.3800,0.32332
45.4000,0.32430
45.4200,0.32528
45.4400,0.32627
45.4600,0.32725
45.4800,0.32823
45.5000,0.32921
45.5200,0.33020
45.5400,0.33118
45.5600,0.33216
45.5800,0.33314
45.6000,0.33412
45.6200,0.33510
45.6400,0.33608
45.6600,0.33705
45.6800,0.33803
45.7000,0.33901
45.7200,0.33999
45.7400,0.34096
45.7600,0.34194
45.7800,0.34292
45.8000,0.34389
45.8200,0.34487
45.8400,0.34584
45.8600,0.34681
45.8800,0.34779
45.9000,0.34876
45.9200,0.34973
45.9400,0.35071
45.9600,0.35168
45.9800,0.35265
46.0000,0.35362
46.0200,0.35459
46.0400,0.35556
46.0600,0.35653
46.0800,0.35750
46.1000,0.35847
46.1200,0.35944
46.1400,0.36040
46.1600,0.36137
46.1800,0.36234
46.2000,0.36330
46.2200,0.36427
46.2400,0.36524
46.2600,0.36620
46.2800,0.36717
46.3000,0.36813
46.3200,0.36910
46.3400,0.37006
46.3600,0.37102
46.3800,0.37198
46.4000,0.37295
46.4200,0.37391
46.4400,0.37487
46.4600,0.37583
46.4800,0.37679
46.5000,0.37775
46.5200,0.37871
46.5400,0.37967
46.5600,0.38063
46.5800,0.38159
46.6000,0.38255
46.6200,0.38350
46.6400,0.38446
46.6600,0.38542
46.6800,0.38638
46.7000,0.38733
46.7200,0.38829
46.7400,0.38924
46.7600,0.39020
46.7800,0.39115
46.8000,0.39211
46.8200,0.39306
46.8400,0.39401
46.8600,0.39497
46.8800,0.39592
46.9000,0.39687
46.9200,0.39782
46.9400,0.39877
46.9600,0.39972
46.9800,0.40067
47.0000,0.40162
47.0200,0.40257
47.0400,0.40352
47.0600,0.40447
47.0800,0.40542
47.1000,0.40637
47.1200,0.40732
47.1400,0.40826
47.1600,0.40921
47.1800,0.41016
47.2000,0.41110
47.2200,0.41205
47.2400,0.41300
47.2600,0.41394
47.2800,0.41489
47.3000,0.41583
47.3200,0.41677
47.3400,0.41772
47.3600,0.41866
47.3800,0.41960
47.4000,0.42055
47.4200,0.42149
47.4400,0.42243
47.4600,0.42337
47.4800,0.42431
47.5000,0.42525
47.5200,0.42619
47.5400,0.42713
47.5600,0.42807
47.5800,0.42901
47.6000,0.42995
47.6200,0.43089
47.6400,0.43183
47.6600,0.43276
47.6800,0.43370
47.7000,0.43464
47.7200,0.43558
47.7400,0.43651
47.7600,0.43745
47.7800,0.43838
47.8000,0.43932
47.8200,0.44025
47.8400,0.44119
47.8600,0.44212
47.8800,0.44306
47.9000,0.44399
47.9200,0.44492
47.9400,0.44585
47.9600,0.44679
47.9800,0.44772
48.0000,0.44865
48.0200,0.44958
48.0400,0.45051
48.0600,0.45144
48.0800,0.45237
48.1000,0.45330
48.1200,0.45423
48.1400,0.45516
48.1600,0.45609
48.1800,0.45702
48.2000,0.45795
48.2200,0.45888
48.2400,0.45981
48.2600,0.46073
48.2800,0.46166
48.3000,0.46259
48.3200,0.46351
48.3400,0.46444
48.3600,0.46536
48.3800,0.46629
48.4000,0.46721
48.4200,0.46814
48.4400,0.46906
48.4600,0.46999
48.4800,0.47091
48.5000,0.47184
48.5200,0.47276
48.5400,0.47368
48.5600,0.47460
48.5800,0.47553
48.6000,0.47645
48.6200,0.47737
48.6400,0.47829
48.6600,0.47921
48.6800,0.48013
48.7000,0.48105
48.7200,0.48197
48.7400,0.48289
48.7600,0.48381
48.7800,0.48473
48.8000,0.48565
48.8200,0.48657
48.8400,0.48749
48.8600,0.48840
48.8800,0.48932
48.9000,0.49024
48.9200,0.49116
48.9400,0.49207
48.9600,0.49299
48.9800,0.49391
49.0000,0.49482
49.0200,0.49574
49.0400,0.49665
49.0600,0.49757
49.0800,0.49848
49.1000,0.49940
49.1200,0.50031
49.1400,0.50122
49.1600,0.50214
49.1800,0.50305
49.2000,0.50396
49.2200,0.50488
49.2400,0.50579
49.2600,0.50670
49.2800,0.50761
49.3000,0.50852
49.3200,0.50944
49.3400,0.51035
49.3600,0.51126
49.3800,0.51217
49.4000,0.51308
49.4200,0.51399
49.4400,0.51490
49.4600,0.51581
49.4800,0.51672
49.5000,0.51763
49.5200,0.51853
49.5400,0.51944
49.5600,0.52035
49.5800,0.52126
49.6000,0.52217
49.6200,0.52307
49.6400,0.52398
49.6600,0.52489
49.6800,0.52579
49.7000,0.52670
49.7200,0.52761
49.7400,0.52851
49.7600,0.52942
49.7800,0.53032
49.8000,0.53123
49.8200,0.53213
49.8400,0.53304
49.8600,0.53394
49.8800,0.53484
49.9000,0.53575
49.9200,0.53665
49.9400,0.53756
49.9600,0.53846
49.9800,0.53936
50.0000,0.54026
50.0200,0.54117
50.0400,0.54207
50.0600,0.54297
50.0800,0.54387
50.1000,0.54477
50.1200,0.54567
50.1400,0.54658
50.1600,0.54748
50.1800,0.54838
50.2000,0.54928
50.2200,0.55018
50.2400,0.55108
50.2600,0.55198
50.2800,0.55288
50.3000,0.55377
50.3200,0.55467
50.3400,0.55557
50.3600,0.55647
50.3800,0.55737
50.4000,0.55827
50.4200,0.55916
50.4400,0.56006
50.4600,0.56096
50.4800,0.56186
50.5000,0.56275
50.5200,0.56365
50.5400,0.56455
50.5600,0.56544
50.5800,0.56634
50.6000,0.56724
50.6200,0.56813
50.6400,0.56903
50.6600,0.56992
50.6800,0.57082
50.7000,0.57171
50.7200,0.57261
50.7400,0.57350
50.7600,0.57440
50.7800,0.57529
50.8000,0.57618
50.8200,0.57708
50.8400,0.57797
50.8600,0.57886
50.8800,0.57976
50.9000,0.58065
50.9200,0.58154
50.9400,0.58243
50.9600,0.58333
50.9800,0.58422
51.0000,0.58511
51.0200,0.58600
51.0400,0.58689
51.0600,0.58779
51.0800,0.58868
51.1000,0.58957
51.1200,0.59046
51.1400,0.59135
51.1600,0.59224
51.1800,0.59313
51.2000,0.59402
51.2200,0.59491
51.2400,0.59580
51.2600,0.59669
51.2800,0.59758
51.3000,0.59847
51.3200,0.59936
51.3400,0.60025
51.3600,0.60114
51.3800,0.60203
51.4000,0.60291
51.4200,0.60380
51.4400,0.60469
51.4600,0.60558
51.4800,0.60647
51.5000,0.60735
51.5200,0.60824
51.5400,0.60913
51.5600,0.61002
51.5800,0.61090
51.6000,0.61179
51.6200,0.61268
51.6400,0.61356
51.6600,0.61445
51.6800,0.61534
51.7000,0.61622
51.7200,0.61711
51.7400,0.61800
51.7600,0.61888
51.7800,0.61977
51.8000,0.62065
51.8200,0.62154
51.8400,0.62242
51.8600,0.62331
51.8800,0.62419
51.9000,0.62508
51.9200,0.62596
51.9400,0.62685
51.9600,0.62773
51.9800,0.62862
52.0000,0.62950
52.0200,0.63038
52.0400,0.63127
52.0600,0.63215
52.0800,0.63304
52.1000,0.63392
52.1200,0.63480
52.1400,0.63569
52.1600,0.63657
52.1800,0.63745
52.2000,0.63833
52.2200,0.63922
52.2400,0.64010
52.2600,0.64098
52.2800,0.64187
52.3000,0.64275
52.3200,0.64363
52.3400,0.64451
52.3600,0.64539
52.3800,0.64628
52.4000,0.64716
52.4200,0.64804
52.4400,0.64892
52.4600,0.64980
52.4800,0.65068
52.5000,0.65157
52.5200,0.65245
52.5400,0.65333
52.5600,0.65421
52.5800,0.65509
52.6000,0.65597
52.6200,0.65685
52.6400,0.65773
52.6600,0.65861
52.6800,0.65949
52.7000,0.66037
52.7200,0.66125
52.7400,0.66213
52.7600,0.66301
52.7800,0.66389
52.8000,0.66477
52.8200,0.66565
52.8400,0.66653
52.8600,0.66741
52.8800,0.66829
52.9000,0.66917
52.9200,0.67005
52.9400,0.67093
52.9600,0.67181
52.9800,0.67269
53.0000,0.67357
53.0200,0.67445
53.0400,0.67533
53.0600,0.67620
53.0800,0.67708
53.1000,0.67796
53.1200,0.67884
53.1400,0.67972
53.1600,0.68060
53.1800,0.68148
53.2000,0.68236
53.2200,0.68323
53.2400,0.68411
53.2600,0.68499
53.2800,0.68587
53.3000,0.68675
53.3200,0.68762
53.3400,0.68850
53.3600,0.68938
53.3800,0.69026
53.4000,0.69114
53.4200,0.69201
53.4400,0.69289
53.4600,0.69377
53.4800,0.69465
53.5000,0.69552
53.5200,0.69640
53.5400,0.69728
53.5600,0.69816
53.5800,0.69903
53.6000,0.69991
53.6200,0.70079
53.6400,0.70167
53.6600,0.70254
53.6800,0.70342
53.7000,0.70430
53.7200,0.70518
53.7400,0.70605
53.7600,0.70693
53.7800,0.70781
53.8000,0.70868
53.8200,0.70956
53.8400,0.71044
53.8600,0.71132
53.8800,0.71219
53.9000,0.71307
53.9200,0.71395
53.9400,0.71482
53.9600,0.71570
53.9800,0.71658
54.0000,0.71745
54.0200,0.71833
54.0400,0.71921
54.0600,0.72008
54.0800,0.72096
54.1000,0.72184
54.1200,0.72271
54.1400,0.72359
54.1600,0.72447
54.1800,0.72534
54.2000,0.72622
54.2200,0.72710
54.2400,0.72797
54.2600,0.72885
54.2800,0.72973
54.3000,0.73060
54.3200,0.73148
54.3400,0.73236
54.3600,0.73323
54.3800,0.73411
54.4000,0.73499
54.4200,0.73586
54.4400,0.73674
54.4600,0.73762
54.4800,0.73849
54.5000,0.73937
54.5200,0.74025
54.5400,0.74112
54.5600,0.74200
54.5800,0.74288
54.6000,0.74375
54.6200,0.74463
54.6400,0.74551
54.6600,0.74638
54.6800,0.74726
54.7000,0.74814
54.7200,0.74901
54.7400,0.74989
54.7600,0.75077
54.7800,0.75165
54.8000,0.75252
54.8200,0.75340
54.8400,0.75428
54.8600,0.75515
54.8800,0.75603
54.9000,0.75691
54.9200,0.75778
54.9400,0.75866
54.9600,0.75954
54.9800,0.76042
55.0000,0.76129
55.0200,0.76217
55.0400,0.76305
55.0600,0.76393
55.0800,0.76480
55.1000,0.76568
55.1200,0.76656
55.1400,0.76743
55.1600,0.76831
55.1800,0.76919
55.2000,0.77007
55.2200,0.77095
55.2400,0.77182
55.2600,0.77270
55.2800,0.77358
55.3000,0.77446
55.3200,0.77533
55.3400,0.77621
55.3600,0.77709
55.3800,0.77797
55.4000,0.77885
55.4200,0.77973
55.4400,0.78060
55.4600,0.78148
55.4800,0.78236
55.5000,0.78324
55.5200,0.78412
55.5400,0.78500
55.5600,0.78587
55.5800,0.78675
55.6000,0.78763
55.6200,0.78851
55.6400,0.78939
55.6600,0.79027
55.6800,0.79115
55.7000,0.79203
55.7200,0.79291
55.7400,0.79378
55.7600,0.79466
55.7800,0.79554
55.8000,0.79642
55.8200,0.79730
55.8400,0.79818
55.8600,0.79906
55.8800,0.79994
55.9000,0.80082
55.9200,0.80170
55.9400,0.80258
55.9600,0.80346
55.9800,0.80434
56.0000,0.80522
56.0200,0.80610
56.0400,0.80698
56.0600,0.80786
56.0800,0.80874
56.1000,0.80963
56.1200,0.81051
56.1400,0.81139
56.1600,0.81227
56.1800,0.81315
56.2000,0.81403
56.2200,0.81491
56.2400,0.81579
56.2600,0.81668
56.2800,0.81756
56.3000,0.81844
56.3200,0.81932
56.3400,0.82020
56.3600,0.82108
56.3800,0.82197
56.4000,0.82285
56.4200,0.82373
56.4400,0.82461
56.4600,0.82550
56.4800,0.82638
56.5000,0.82726
56.5200,0.82814
56.5400,0.82903
56.5600,0.82991
56.5800,0.83079
56.6000,0.83168
56.6200,0.83256
56.6400,0.83344
56.6600,0.83433
56.6800,0.83521
56.7000,0.83610
56.7200,0.83698
56.7400,0.83787
56.7600,0.83875
56.7800,0.83963
56.8000,0.84052
56.8200,0.84140
56.8400,0.84229
56.8600,0.84317
56.8800,0.84406
56.9000,0.84494
56.9200,0.84583
56.9400,0.84671
56.9600,0.84760
56.9800,0.84849
57.0000,0.84937
57.0200,0.85026
57.0400,0.85114
57.0600,0.85203
57.0800,0.85292
57.1000,0.85380
57.1200,0.85469
57.1400,0.85558
57.1600,0.85647
57.1800,0.85735
57.2000,0.85824
57.2200,0.85913
57.2400,0.86002
57.2600,0.86090
57.2800,0.86179
57.3000,0.86268
57.3200,0.86357
57.3400,0.86446
57.3600,0.86534
57.3800,0.86623
57.4000,0.86712
57.4200,0.86801
57.4400,0.86890
57.4600,0.86979
57.4800,0.87068
57.5000,0.87157
57.5200,0.87246
57.5400,0.87335
57.5600,0.87424
57.5800,0.87513
57.6000,0.87602
57.6200,0.87691
57.6400,0.87780
57.6600,0.87869
57.6800,0.87958
57.7000,0.88048
57.7200,0.88137
57.7400,0.88226
57.7600,0.88315
57.7800,0.88404
57.8000,0.88494
57.8200,0.88583
57.8400,0.88672
57.8600,0.88761
57.8800,0.88851
57.9000,0.88940
57.9200,0.89029
57.9400,0.89119
57.9600,0.89208
57.9800,0.89297
58.0000,0.89387
58.0200,0.89476
58.0400,0.89566
58.0600,0.89655
58.0800,0.89745
58.1000,0.89834
58.1200,0.89924
58.1400,0.90013
58.1600,0.90103
58.1800,0.90192
58.2000,0.90282
58.2200,0.90371
58.2400,0.90461
58.2600,0.90551
58.2800,0.90640
58.3000,0.90730
58.3200,0.90820
58.3400,0.90910
58.3600,0.90999
58.3800,0.91089
58.4000,0.91179
58.4200,0.91269
58.4400,0.91359
58.4600,0.91448
58.4800,0.91538
58.5000,0.91628
58.5200,0.91718
58.5400,0.91808
58.5600,0.91898
58.5800,0.91988
58.6000,0.92078
58.6200,0.92168
58.6400,0.92258
58.6600,0.92348
58.6800,0.92438
58.7000,0.92528
58.7200,0.92619
58.7400,0.92709
58.7600,0.92799
58.7800,0.92889
58.8000,0.92979
58.8200,0.93070
58.8400,0.93160
58.8600,0.93250
58.8800,0.93340
58.9000,0.93431
58.9200,0.93521
58.9400,0.93611
58.9600,0.93702
58.9800,0.93792
59.0000,0.93883
59.0200,0.93973
59.0400,0.94064
59.0600,0.94154
59.0800,0.94245
59.1000,0.94335
59.1200,0.94426
59.1400,0.94517
59.1600,0.94607
59.1800,0.94698
59.2000,0.94788
59.2200,0.94879
59.2400,0.94970
59.2600,0.95061
59.2800,0.95151
59.3000,0.95242
59.3200,0.95333
59.3400,0.95424
59.3600,0.95515
59.3800,0.95606
59.4000,0.95697
59.4200,0.95788
59.4400,0.95879
59.4600,0.95970
59.4800,0.96061
59.5000,0.96152
59.5200,0.96243
59.5400,0.96334
59.5600,0.96425
59.5800,0.96516
59.6000,0.96607
59.6200,0.96698
59.6400,0.96790
59.6600,0.96881
59.6800,0.96972
59.7000,0.97064
59.7200,0.97155
59.7400,0.97246
59.7600,0.97338
59.7800,0.97429
59.8000,0.97520
59.8200,0.97612
59.8400,0.97703
59.8600,0.97795
59.8800,0.97886
59.9000,0.97978
59.9200,0.98070
59.9400,0.98161
59.9600,0.98253
59.9800,0.98345
60.0000,0.98436
60.0200,0.98528
60.0400,0.98620
60.0600,0.98711
60.0800,0.98803
60.1000,0.98895
60.1200,0.98987
60.1400,0.99079
60.1600,0.99171
60.1800,0.99263
60.2000,0.99355
60.2200,0.99447
60.2400,0.99539
60.2600,0.99631
60.2800,0.99723
60.3000,0.99815
60.3200,0.99907
60.3400,0.99999
60.3600,1.00092
60.3800,1.00184
60.4000,1.00276
60.4200,1.00368
60.4400,1.00461
60.4600,1.00553
60.4800,1.00645
60.5000,1.00738
60.5200,1.00830
60.5400,1.00923
60.5600,1.01015
60.5800,1.01108
60.6000,1.01200
60.6200,1.01293
60.6400,1.01385
60.6600,1.01478
60.6800,1.01571
60.7000,1.01663
60.7200,1.01756
60.7400,1.01849
60.7600,1.01942
60.7800,1.02034
60.8000,1.02127
60.8200,1.02220
60.8400,1.02313
60.8600,1.02406
60.8800,1.02499
60.9000,1.02592
60.9200,1.02685
60.9400,1.02778
60.9600,1.02871
60.9800,1.02964
61.0000,1.03057
61.0200,1.03151
61.0400,1.03244
61.0600,1.03337
61.0800,1.03430
61.1000,1.03524
61.1200,1.03617
61.1400,1.03710
61.1600,1.03804
61.1800,1.03897
61.2000,1.03991
61.2200,1.04084
61.2400,1.04178
61.2600,1.04271
61.2800,1.04365
61.3000,1.04458
61.3200,1.04552
61.3400,1.04646
61.3600,1.04739
61.3800,1.04833
61.4000,1.04927
61.4200,1.05021
61.4400,1.05115
61.4600,1.05208
61.4800,1.05302
61.5000,1.05396
61.5200,1.05490
61.5400,1.05584
61.5600,1.05678
61.5800,1.05772
61.6000,1.05866
61.6200,1.05961
61.6400,1.06055
61.6600,1.06149
61.6800,1.06243
61.7000,1.06337
61.7200,1.06432
61.7400,1.06526
61.7600,1.06620
61.7800,1.06715
61.8000,1.06809
61.8200,1.06904
61.8400,1.06998
61.8600,1.07093
61.8800,1.07187
61.9000,1.07282
61.9200,1.07376
61.9400,1.07471
61.9600,1.07566
61.9800,1.07661
62.0000,1.07755
62.0200,1.07850
62.0400,1.07945
62.0600,1.08040
62.0800,1.08135
62.1000,1.08230
62.1200,1.08325
62.1400,1.08420
62.1600,1.08515
62.1800,1.08610
62.2000,1.08705
62.2200,1.08800
62.2400,1.08895
62.2600,1.08990
62.2800,1.09086
62.3000,1.09181
62.3200,1.09276
62.3400,1.09372
62.3600,1.09467
62.3800,1.09562
62.4000,1.09658
62.4200,1.09753
62.4400,1.09849
62.4600,1.09944
62.4800,1.10040
62.5000,1.10136
62.5200,1.10231
62.5400,1.10327
62.5600,1.10423
62.5800,1.10519
62.6000,1.10614
62.6200,1.10710
62.6400,1.10806
62.6600,1.10902
62.6800,1.10998
62.7000,1.11094
62.7200,1.11190
62.7400,1.11286
62.7600,1.11382
62.7800,1.11478
62.8000,1.11574
62.8200,1.11671
62.8400,1.11767
62.8600,1.11863
62.8800,1.11959
62.9000,1.12056
62.9200,1.12152
62.9400,1.12249
62.9600,1.12345
62.9800,1.12442
63.0000,1.12538
63.0200,1.12635
63.0400,1.12731
63.0600,1.12828
63.0800,1.12925
63.1000,1.13021
63.1200,1.13118
63.1400,1.13215
63.1600,1.13312
63.1800,1.13408
63.2000,1.13505
63.2200,1.13602
63.2400,1.13699
63.2600,1.13796
63.2800,1.13893
63.3000,1.13990
63.3200,1.14088
63.3400,1.14185
63.3600,1.14282
63.3800,1.14379
63.4000,1.14476
63.4200,1.14574
63.4400,1.14671
63.4600,1.14768
63.4800,1.14866
63.5000,1.14963
63.5200,1.15061
63.5400,1.15158
63.5600,1.15256
63.5800,1.15354
63.6000,1.15451
63.6200,1.15549
63.6400,1.15647
63.6600,1.15744
63.6800,1.15842
63.7000,1.15940
63.7200,1.16038
63.7400,1.16136
63.7600,1.16234
63.7800,1.16332
63.8000,1.16430
63.8200,1.16528
63.8400,1.16626
63.8600,1.16724
63.8800,1.16822
63.9000,1.16921
63.9200,1.17019
63.9400,1.17117
63.9600,1.17215
63.9800,1.17314
64.0000,1.17412
64.0200,1.17511
64.0400,1.17609
64.0600,1.17708
64.0800,1.17806
64.1000,1.17905
64.1200,1.18004
64.1400,1.18102
64.1600,1.18201
64.1800,1.18300
64.2000,1.18399
64.2200,1.18497
64.2400,1.18596
64.2600,1.18695
64.2800,1.18794
64.3000,1.18893
64.3200,1.18992
64.3400,1.19091
64.3600,1.19190
64.3800,1.19290
64.4000,1.19389
64.4200,1.19488
64.4400,1.19587
64.4600,1.19687
64.4800,1.19786
64.5000,1.19885
64.5200,1.19985
64.5400,1.20084
64.5600,1.20184
64.5800,1.20283
64.6000,1.20383
64.6200,1.20483
64.6400,1.20582
64.6600,1.20682
64.6800,1.20782
64.7000,1.20882
64.7200,1.20981
64.7400,1.21081
64.7600,1.21181
64.7800,1.21281
64.8000,1.21381
64.8200,1.21481
64.8400,1.21581
64.8600,1.21681
64.8800,1.21782
64.9000,1.21882
64.9200,1.21982
64.9400,1.22082
64.9600,1.22183
64.9800,1.22283
65.0000,1.22383
65.0200,1.22484
65.0400,1.22584
65.0600,1.22685
65.0800,1.22785
65.1000,1.22886
65.1200,1.22987
65.1400,1.23087
65.1600,1.23188
65.1800,1.23289
65.2000,1.23390
65.2200,1.23490
65.2400,1.23591
65.2600,1.23692
65.2800,1.23793
65.3000,1.23894
65.3200,1.23995
65.3400,1.24096
65.3600,1.24197
65.3800,1.24299
65.4000,1.24400
65.4200,1.24501
65.4400,1.24602
65.4600,1.24704
65.4800,1.24805
65.5000,1.24907
65.5200,1.25008
65.5400,1.25109
65.5600,1.25211
65.5800,1.25313
65.6000,1.25414
65.6200,1.25516
65.6400,1.25618
65.6600,1.25719
65.6800,1.25821
65.7000,1.25923
65.7200,1.26025
65.7400,1.26127
65.7600,1.26229
65.7800,1.26331
65.8000,1.26433
65.8200,1.26535
65.8400,1.26637
65.8600,1.26739
65.8800,1.26841
65.9000,1.26943
65.9200,1.27046
65.9400,1.27148
65.9600,1.27250
65.9800,1.27353
66.0000,1.27455
66.0200,1.27558
66.0400,1.27660
66.0600,1.27763
66.0800,1.27866
66.1000,1.27968
66.1200,1.28071
66.1400,1.28174
66.1600,1.28276
66.1800,1.28379
66.2000,1.28482
66.2200,1.28585
66.2400,1.28688
66.2600,1.28791
66.2800,1.28894
66.3000,1.28997
66.3200,1.29100
66.3400,1.29203
66.3600,1.29306
66.3800,1.29410
66.4000,1.29513
66.4200,1.29616
66.4400,1.29720
66.4600,1.29823
66.4800,1.29926
66.5000,1.30030
66.5200,1.30133
66.5400,1.30237
66.5600,1.30341
66.5800,1.30444
66.6000,1.30548
66.6200,1.30652
66.6400,1.30756
66.6600,1.30859
66.6800,1.30963
66.7000,1.31067
66.7200,1.31171
66.7400,1.31275
66.7600,1.31379
66.7800,1.31483
66.8000,1.31587
66.8200,1.31691
66.8400,1.31796
66.8600,1.31900
66.8800,1.32004
66.9000,1.32108
66.9200,1.32213
66.9400,1.32317
66.9600,1.32422
66.9800,1.32526
67.0000,1.32631
67.0200,1.32735
67.0400,1.32840
67.0600,1.32945
67.0800,1.33049
67.1000,1.33154
67.1200,1.33259
67.1400,1.33364
67.1600,1.33468
67.1800,1.33573
67.2000,1.33678
67.2200,1.33783
67.2400,1.33888
67.2600,1.33993
67.2800,1.34099
67.3000,1.34204
67.3200,1.34309
67.3400,1.34414
67.3600,1.34519
67.3800,1.34625
67.4000,1.34730
67.4200,1.34835
67.4400,1.34941
67.4600,1.35046
67.4800,1.35152
67.5000,1.35258
67.5200,1.35363
67.5400,1.35469
67.5600,1.35575
67.5800,1.35680
67.6000,1.35786
67.6200,1.35892
67.6400,1.35998
67.6600,1.36104
67.6800,1.36210
67.7000,1.36316
67.7200,1.36422
67.7400,1.36528
67.7600,1.36634
67.7800,1.36740
67.8000,1.36846
67.8200,1.36952
67.8400,1.37059
67.8600,1.37165
67.8800,1.37271
67.9000,1.37378
67.9200,1.37484
67.9400,1.37591
67.9600,1.37697
67.9800,1.37804
68.0000,1.37910
68.0200,1.38017
68.0400,1.38124
68.0600,1.38231
68.0800,1.38337
68.1000,1.38444
68.1200,1.38551
68.1400,1.38658
68.1600,1.38765
68.1800,1.38872
68.2000,1.38979
68.2200,1.39086
68.2400,1.39193
68.2600,1.39300
68.2800,1.39408
68.3000,1.39515
68.3200,1.39622
68.3400,1.39729
68.3600,1.39837
68.3800,1.39944
68.4000,1.40052
68.4200,1.40159
68.4400,1.40267
68.4600,1.40374
68.4800,1.40482
68.5000,1.40589
68.5200,1.40697
68.5400,1.40805
68.5600,1.40913
68.5800,1.41020
68.6000,1.41128
68.6200,1.41236
68.6400,1.41344
68.6600,1.41452
68.6800,1.41560
68.7000,1.41668
68.7200,1.41776
68.7400,1.41885
68.7600,1.41993
68.7800,1.42101
68.8000,1.42209
68.8200,1.42318
68.8400,1.42426
68.8600,1.42534
68.8800,1.42643
68.9000,1.42751
68.9200,1.42860
68.9400,1.42968
68.9600,1.43077
68.9800,1.43185
69.0000,1.43294
69.0200,1.43403
69.0400,1.43512
69.0600,1.43620
69.0800,1.43729
69.1000,1.43838
69.1200,1.43947
69.1400,1.44056
69.1600,1.44165
69.1800,1.44274
69.2000,1.44383
69.2200,1.44492
69.2400,1.44602
69.2600,1.44711
69.2800,1.44820
69.3000,1.44929
69.3200,1.45039
69.3400,1.45148
69.3600,1.45257
69.3800,1.45367
69.4000,1.45476
69.4200,1.45586
69.4400,1.45695
69.4600,1.45805
69.4800,1.45915
69.5000,1.46024
69.5200,1.46134
69.5400,1.46244
69.5600,1.46354
69.5800,1.46464
69.6000,1.46573
69.6200,1.46683
69.6400,1.46793
69.6600,1.46903
69.6800,1.47013
69.7000,1.47123
69.7200,1.47234
69.7400,1.47344
69.7600,1.47454
69.7800,1.47564
69.8000,1.47675
69.8200,1.47785
69.8400,1.47895
69.8600,1.48006
69.8800,1.48116
69.9000,1.48227
69.9200,1.48337
69.9400,1.48448
69.9600,1.48558
69.9800,1.48669
70.0000,1.48780
70.0200,1.48890
70.0400,1.49001
70.0600,1.49112
70.0800,1.49223
70.1000,1.49334
70.1200,1.49445
70.1400,1.49555
70.1600,1.49666
70.1800,1.49778
70.2000,1.49889
70.2200,1.50000
70.2400,1.50111
70.2600,1.50222
70.2800,1.50333
70.3000,1.50445
70.3200,1.50556
70.3400,1.50667
70.3600,1.50779
70.3800,1.50890
70.4000,1.51001
70.4200,1.51113
70.4400,1.51225
70.4600,1.51336
70.4800,1.51448
70.5000,1.51559
70.5200,1.51671
70.5400,1.51783
70.5600,1.51895
70.5800,1.52006
70.6000,1.52118
70.6200,1.52230
70.6400,1.52342
70.6600,1.52454
70.6800,1.52566
70.7000,1.52678
70.7200,1.52790
70.7400,1.52902
70.7600,1.53014
70.7800,1.53127
70.8000,1.53239
70.8200,1.53351
70.8400,1.53463
70.8600,1.53576
70.8800,1.53688
70.9000,1.53800
70.9200,1.53913
70.9400,1.54025
70.9600,1.54138
70.9800,1.54250
71.0000,1.54363
71.0200,1.54476
71.0400,1.54588
71.0600,1.54701
71.0800,1.54814
71.1000,1.54927
71.1200,1.55039
71.1400,1.55152
71.1600,1.55265
71.1800,1.55378
71.2000,1.55491
71.2200,1.55604
71.2400,1.55717
71.2600,1.55830
71.2800,1.55943
71.3000,1.56056
71.3200,1.56170
71.3400,1.56283
71.3600,1.56396
71.3800,1.56509
71.4000,1.56623
71.4200,1.56736
71.4400,1.56849
71.4600,1.56963
71.4800,1.57076
71.5000,1.57190
71.5200,1.57303
71.5400,1.57417
71.5600,1.57531
71.5800,1.57644
71.6000,1.57758
71.6200,1.57872
71.6400,1.57985
71.6600,1.58099
71.6800,1.58213
71.7000,1.58327
71.7200,1.58441
71.7400,1.58555
71.7600,1.58669
71.7800,1.58783
71.8000,1.58897
71.8200,1.59011
71.8400,1.59125
71.8600,1.59239
71.8800,1.59353
71.9000,1.59468
71.9200,1.59582
71.9400,1.59696
71.9600,1.59810
71.9800,1.59925
72.0000,1.60039
72.0200,1.60154
72.0400,1.60268
72.0600,1.60383
72.0800,1.60497
72.1000,1.60612
72.1200,1.60726
72.1400,1.60841
72.1600,1.60956
72.1800,1.61070
72.2000,1.61185
72.2200,1.61300
72.2400,1.61415
72.2600,1.61529
72.2800,1.61644
72.3000,1.61759
72.3200,1.61874
72.3400,1.61989
72.3600,1.62104
72.3800,1.62219
72.4000,1.62334
72.4200,1.62449
72.4400,1.62564
72.4600,1.62679
72.4800,1.62795
72.5000,1.62910
72.5200,1.63025
72.5400,1.63140
72.5600,1.63256
72.5800,1.63371
72.6000,1.63487
72.6200,1.63602
72.6400,1.63717
72.6600,1.63833
72.6800,1.63948
72.7000,1.64064
72.7200,1.64180
72.7400,1.64295
72.7600,1.64411
72.7800,1.64527
72.8000,1.64642
72.8200,1.64758
72.8400,1.64874
72.8600,1.64990
72.8800,1.65105
72.9000,1.65221
72.9200,1.65337
72.9400,1.65453
72.9600,1.65569
72.9800,1.65685
73.0000,1.65801
73.0200,1.65917
73.0400,1.66033
73.0600,1.66149
73.0800,1.66266
73.1000,1.66382
73.1200,1.66498
73.1400,1.66614
73.1600,1.66730
73.1800,1.66847
73.2000,1.66963
73.2200,1.67079
73.2400,1.67196
73.2600,1.67312
73.2800,1.67429
73.3000,1.67545
73.3200,1.67662
73.3400,1.67778
73.3600,1.67895
73.3800,1.68011
73.4000,1.68128
73.4200,1.68245
73.4400,1.68361
73.4600,1.68478
73.4800,1.68595
73.5000,1.68712
73.5200,1.68828
73.5400,1.68945
73.5600,1.69062
73.5800,1.69179
73.6000,1.69296
73.6200,1.69413
73.6400,1.69530
73.6600,1.69647
73.6800,1.69764
73.7000,1.69881
73.7200,1.69998
73.7400,1.70115
73.7600,1.70232
73.7800,1.70350
73.8000,1.70467
73.8200,1.70584
73.8400,1.70701
73.8600,1.70819
73.8800,1.70936
73.9000,1.71053
73.9200,1.71171
73.9400,1.71288
73.9600,1.71405
73.9800,1.71523
74.0000,1.71640
74.0200,1.71758
74.0400,1.71875
74.0600,1.71993
74.0800,1.72111
74.1000,1.72228
74.1200,1.72346
74.1400,1.72464
74.1600,1.72581
74.1800,1.72699
74.2000,1.72817
74.2200,1.72934
74.2400,1.73052
74.2600,1.73170
74.2800,1.73288
74.3000,1.73406
74.3200,1.73524
74.3400,1.73642
74.3600,1.73760
74.3800,1.73878
74.4000,1.73996
74.4200,1.74114
74.4400,1.74232
74.4600,1.74350
74.4800,1.74468
74.5000,1.74586
74.5200,1.74704
74.5400,1.74822
74.5600,1.74941
74.5800,1.75059
74.6000,1.75177
74.6200,1.75295
74.6400,1.75414
74.6600,1.75532
74.6800,1.75650
74.7000,1.75769
74.7200,1.75887
74.7400,1.76005
74.7600,1.76124
74.7800,1.76242
74.8000,1.76361
74.8200,1.76479
74.8400,1.76598
74.8600,1.76717
74.8800,1.76835
74.9000,1.76954
74.9200,1.77072
74.9400,1.77191
74.9600,1.77310
74.9800,1.77428
75.0000,1.77547
75.0200,1.77666
75.0400,1.77785
75.0600,1.77903
75.0800,1.78022
75.1000,1.78141
75.1200,1.78260
75.1400,1.78379
75.1600,1.78498
75.1800,1.78617
75.2000,1.78736
75.2200,1.78855
75.2400,1.78973
75.2600,1.79092
75.2800,1.79212
75.3000,1.79331
75.3200,1.79450
75.3400,1.79569
75.3600,1.79688
75.3800,1.79807
75.4000,1.79926
75.4200,1.80045
75.4400,1.80165
75.4600,1.80284
75.4800,1.80403
75.5000,1.80522
75.5200,1.80641
75.5400,1.80761
75.5600,1.80880
75.5800,1.80999
75.6000,1.81119
75.6200,1.81238
75.6400,1.81358
75.6600,1.81477
75.6800,1.81596
75.7000,1.81716
75.7200,1.81835
75.7400,1.81955
75.7600,1.82074
75.7800,1.82194
75.8000,1.82313
75.8200,1.82433
75.8400,1.82553
75.8600,1.82672
75.8800,1.82792
75.9000,1.82911
75.9200,1.83031
75.9400,1.83151
75.9600,1.83270
75.9800,1.83390
76.0000,1.83510
76.0200,1.83630
76.0400,1.83749
76.0600,1.83869
76.0800,1.83989
76.1000,1.84109
76.1200,1.84229
76.1400,1.84348
76.1600,1.84468
76.1800,1.84588
76.2000,1.84708
76.2200,1.84828
76.2400,1.84948
76.2600,1.85068
76.2800,1.85188
76.3000,1.85308
76.3200,1.85428
76.3400,1.85548
76.3600,1.85668
76.3800,1.85788
76.4000,1.85908
76.4200,1.86028
76.4400,1.86148
76.4600,1.86268
76.4800,1.86388
76.5000,1.86508
76.5200,1.86628
76.5400,1.86749
76.5600,1.86869
76.5800,1.86989
76.6000,1.87109
76.6200,1.87229
76.6400,1.87350
76.6600,1.87470
76.6800,1.87590
76.7000,1.87710
76.7200,1.87831
76.7400,1.87951
76.7600,1.88071
76.7800,1.88191
76.8000,1.88312
76.8200,1.88432
76.8400,1.88552
76.8600,1.88673
76.8800,1.88793
76.9000,1.88914
76.9200,1.89034
76.9400,1.89154
76.9600,1.89275
76.9800,1.89395
77.0000,1.89516
77.0200,1.89636
77.0400,1.89757
77.0600,1.89877
77.0800,1.89998
77.1000,1.90118
77.1200,1.90239
77.1400,1.90359
77.1600,1.90480
77.1800,1.90600
77.2000,1.90721
77.2200,1.90842
77.2400,1.90962
77.2600,1.91083
77.2800,1.91203
77.3000,1.91324
77.3200,1.91445
77.3400,1.91565
77.3600,1.91686
77.3800,1.91807
77.4000,1.91927
77.4200,1.92048
77.4400,1.92169
77.4600,1.92289
77.4800,1.92410
77.5000,1.92531
77.5200,1.92651
77.5400,1.92772
77.5600,1.92893
77.5800,1.93014
77.6000,1.93134
77.6200,1.93255
77.6400,1.93376
77.6600,1.93497
77.6800,1.93617
77.7000,1.93738
77.7200,1.93859
77.7400,1.93980
77.7600,1.94101
77.7800,1.94221
77.8000,1.94342
77.8200,1.94463
77.8400,1.94584
77.8600,1.94705
77.8800,1.94826
77.9000,1.94947
77.9200,1.95067
77.9400,1.95188
77.9600,1.95309
77.9800,1.95430
78.0000,1.95551
78.0200,1.95672
78.0400,1.95793
78.0600,1.95914
78.0800,1.96035
78.1000,1.96155
78.1200,1.96276
78.1400,1.96397
78.1600,1.96518
78.1800,1.96639
78.2000,1.96760
78.2200,1.96881
78.2400,1.97002
78.2600,1.97123
78.2800,1.97244
78.3000,1.97365
78.3200,1.97486
78.3400,1.97607
78.3600,1.97728
78.3800,1.97849
78.4000,1.97970
78.4200,1.98091
78.4400,1.98212
78.4600,1.98333
78.4800,1.98454
78.5000,1.98575
78.5200,1.98696
78.5400,1.98817
78.5600,1.98938
78.5800,1.99059
78.6000,1.99180
78.6200,1.99301
78.6400,1.99422
78.6600,1.99543
78.6800,1.99664
78.7000,1.99785
78.7200,1.99906
78.7400,2.00027
78.7600,2.00148
78.7800,2.00269
78.8000,2.00390
78.8200,2.00511
78.8400,2.00632
78.8600,2.00753
78.8800,2.00874
78.9000,2.00995
78.9200,2.01116
78.9400,2.01237
78.9600,2.01358
78.9800,2.01479
79.0000,2.01600
79.0200,2.01721
79.0400,2.01842
79.0600,2.01963
79.0800,2.02084
79.1000,2.02205
79.1200,2.02326
79.1400,2.02447
79.1600,2.02568
79.1800,2.02689
79.2000,2.02810
79.2200,2.02931
79.2400,2.03052
79.2600,2.03173
79.2800,2.03294
79.3000,2.03415
79.3200,2.03536
79.3400,2.03657
79.3600,2.03778
79.3800,2.03899
79.4000,2.04020
79.4200,2.04141
79.4400,2.04262
79.4600,2.04383
79.4800,2.04504
79.5000,2.04625
79.5200,2.04746
79.5400,2.04867
79.5600,2.04988
79.5800,2.05109
79.6000,2.05229
79.6200,2.05350
79.6400,2.05471
79.6600,2.05592
79.6800,2.05713
79.7000,2.05834
79.7200,2.05955
79.7400,2.06076
79.7600,2.06197
79.7800,2.06318
79.8000,2.06438
79.8200,2.06559
79.8400,2.06680
79.8600,2.06801
79.8800,2.06922
79.9000,2.07043
79.9200,2.07163
79.9400,2.07284
79.9600,2.07405
79.9800,2.07526
80.0000,2.07647
80.0200,2.07768
80.0400,2.07888
80.0600,2.08009
80.0800,2.08130
80.1000,2.08251
80.1200,2.08371
80.1400,2.08492
80.1600,2.08613
80.1800,2.08734
80.2000,2.08854
80.2200,2.08975
80.2400,2.09096
80.2600,2.09216
80.2800,2.09337
80.3000,2.09458
80.3200,2.09578
80.3400,2.09699
80.3600,2.09820
80.3800,2.09940
80.4000,2.10061
80.4200,2.10181
80.4400,2.10302
80.4600,2.10423
80.4800,2.10543
80.5000,2.10664
80.5200,2.10784
80.5400,2.10905
80.5600,2.11025
80.5800,2.11146
80.6000,2.11266
80.6200,2.11387
80.6400,2.11507
80.6600,2.11628
80.6800,2.11748
80.7000,2.11869
80.7200,2.11989
80.7400,2.12110
80.7600,2.12230
80.7800,2.12350
80.8000,2.12471
80.8200,2.12591
80.8400,2.12711
80.8600,2.12832
80.8800,2.12952
80.9000,2.13072
80.9200,2.13193
80.9400,2.13313
80.9600,2.13433
80.9800,2.13553
81.0000,2.13674
81.0200,2.13794
81.0400,2.13914
81.0600,2.14034
81.0800,2.14154
81.1000,2.14275
81.1200,2.14395
81.1400,2.14515
81.1600,2.14635
81.1800,2.14755
81.2000,2.14875
81.2200,2.14995
81.2400,2.15115
81.2600,2.15235
81.2800,2.15355
81.3000,2.15475
81.3200,2.15595
81.3400,2.15715
81.3600,2.15835
81.3800,2.15955
81.4000,2.16075
81.4200,2.16195
81.4400,2.16315
81.4600,2.16434
81.4800,2.16554
81.5000,2.16674
81.5200,2.16794
81.5400,2.16914
81.5600,2.17033
81.5800,2.17153
81.6000,2.17273
81.6200,2.17392
81.6400,2.17512
81.6600,2.17632
81.6800,2.17751
81.7000,2.17871
81.7200,2.17991
81.7400,2.18110
81.7600,2.18230
81.7800,2.18349
81.8000,2.18469
81.8200,2.18588
81.8400,2.18708
81.8600,2.18827
81.8800,2.18947
81.9000,2.19066
81.9200,2.19185
81.9400,2.19305
81.9600,2.19424
81.9800,2.19543
82.0000,2.19663
82.0200,2.19782
82.0400,2.19901
82.0600,2.20020
82.0800,2.20140
82.1000,2.20259
82.1200,2.20378
82.1400,2.20497
82.1600,2.20616
82.1800,2.20735
82.2000,2.20854
82.2200,2.20973
82.2400,2.21092
82.2600,2.21211
82.2800,2.21330
82.3000,2.21449
82.3200,2.21568
82.3400,2.21687
82.3600,2.21806
82.3800,2.21925
82.4000,2.22043
82.4200,2.22162
82.4400,2.22281
82.4600,2.22400
82.4800,2.22518
82.5000,2.22637
82.5200,2.22756
82.5400,2.22874
82.5600,2.22993
82.5800,2.23111
82.6000,2.23230
82.6200,2.23348
82.6400,2.23467
82.6600,2.23585
82.6800,2.23704
82.7000,2.23822
82.7200,2.23941
82.7400,2.24059
82.7600,2.24177
82.7800,2.24296
82.8000,2.24414
82.8200,2.24532
82.8400,2.24650
82.8600,2.24768
82.8800,2.24887
82.9000,2.25005
82.9200,2.25123
82.9400,2.25241
82.9600,2.25359
82.9800,2.25477
83.0000,2.25595
83.0200,2.25713
83.0400,2.25831
83.0600,2.25948
83.0800,2.26066
83.1000,2.26184
83.1200,2.26302
83.1400,2.26420
83.1600,2.26537
83.1800,2.26655
83.2000,2.26773
83.2200,2.26890
83.2400,2.27008
83.2600,2.27125
83.2800,2.27243
83.3000,2.27360
83.3200,2.27478
83.3400,2.27595
83.3600,2.27713
83.3800,2.27830
83.4000,2.27947
83.4200,2.28065
83.4400,2.28182
83.4600,2.28299
83.4800,2.28416
83.5000,2.28533
83.5200,2.28650
83.5400,2.28768
83.5600,2.28885
83.5800,2.29002
83.6000,2.29119
83.6200,2.29236
83.6400,2.29352
83.6600,2.29469
83.6800,2.29586
83.7000,2.29703
83.7200,2.29820
83.7400,2.29936
83.7600,2.30053
83.7800,2.30170
83.8000,2.30286
83.8200,2.30403
83.8400,2.30519
83.8600,2.30636
83.8800,2.30752
83.9000,2.30869
83.9200,2.30985
83.9400,2.31102
83.9600,2.31218
83.9800,2.31334
84.0000,2.31450
84.0200,2.31567
84.0400,2.31683
84.0600,2.31799
84.0800,2.31915
84.1000,2.32031
84.1200,2.32147
84.1400,2.32263
84.1600,2.32379
84.1800,2.32495
84.2000,2.32611
84.2200,2.32726
84.2400,2.32842
84.2600,2.32958
84.2800,2.33074
84.3000,2.33189
84.3200,2.33305
84.3400,2.33420
84.3600,2.33536
84.3800,2.33651
84.4000,2.33767
84.4200,2.33882
84.4400,2.33998
84.4600,2.34113
84.4800,2.34228
84.5000,2.34343
84.5200,2.34459
84.5400,2.34574
84.5600,2.34689
84.5800,2.34804
84.6000,2.34919
84.6200,2.35034
84.6400,2.35149
84.6600,2.35264
84.6800,2.35379
84.7000,2.35493
84.7200,2.35608
84.7400,2.35723
84.7600,2.35837
84.7800,2.35952
84.8000,2.36067
84.8200,2.36181
84.8400,2.36296
84.8600,2.36410
84.8800,2.36525
84.9000,2.36639
84.9200,2.36753
84.9400,2.36867
84.9600,2.36982
84.9800,2.37096
85.0000,2.37210
85.0200,2.37324
85.0400,2.37438
85.0600,2.37552
85.0800,2.37666
85.1000,2.37780
85.1200,2.37894
85.1400,2.38007
85.1600,2.38121
85.1800,2.38235
85.2000,2.38348
85.2200,2.38462
85.2400,2.38576
85.2600,2.38689
85.2800,2.38803
85.3000,2.38916
85.3200,2.39029
85.3400,2.39143
85.3600,2.39256
85.3800,2.39369
85.4000,2.39482
85.4200,2.39595
85.4400,2.39708
85.4600,2.39821
85.4800,2.39934
85.5000,2.40047
85.5200,2.40160
85.5400,2.40273
85.5600,2.40386
85.5800,2.40498
85.6000,2.40611
85.6200,2.40724
85.6400,2.40836
85.6600,2.40949
85.6800,2.41061
85.7000,2.41173
85.7200,2.41286
85.7400,2.41398
85.7600,2.41510
85.7800,2.41622
85.8000,2.41735
85.8200,2.41847
85.8400,2.41959
85.8600,2.42071
85.8800,2.42183
85.9000,2.42294
85.9200,2.42406
85.9400,2.42518
85.9600,2.42630
85.9800,2.42741
86.0000,2.42853
86.0200,2.42964
86.0400,2.43076
86.0600,2.43187
86.0800,2.43299
86.1000,2.43410
86.1200,2.43521
86.1400,2.43632
86.1600,2.43744
86.1800,2.43855
86.2000,2.43966
86.2200,2.44077
86.2400,2.44188
86.2600,2.44298
86.2800,2.44409
86.3000,2.44520
86.3200,2.44631
86.3400,2.44741
86.3600,2.44852
86.3800,2.44962
86.4000,2.45073
86.4200,2.45183
86.4400,2.45294
86.4600,2.45404
86.4800,2.45514
86.5000,2.45624
86.5200,2.45734
86.5400,2.45844
86.5600,2.45954
86.5800,2.46064
86.6000,2.46174
86.6200,2.46284
86.6400,2.46394
86.6600,2.46504
86.6800,2.46613
86.7000,2.46723
86.7200,2.46832
86.7400,2.46942
86.7600,2.47051
86.7800,2.47160
86.8000,2.47270
86.8200,2.47379
86.8400,2.47488
86.8600,2.47597
86.8800,2.47706
86.9000,2.47815
86.9200,2.47924
86.9400,2.48033
86.9600,2.48142
86.9800,2.48250
87.0000,2.48359
87.0200,2.48468
87.0400,2.48576
87.0600,2.48685
87.0800,2.48793
87.1000,2.48901
87.1200,2.49010
87.1400,2.49118
87.1600,2.49226
87.1800,2.49334
87.2000,2.49442
87.2200,2.49550
87.2400,2.49658
87.2600,2.49766
87.2800,2.49873
87.3000,2.49981
87.3200,2.50089
87.3400,2.50196
87.3600,2.50304
87.3800,2.50411
87.4000,2.50519
87.4200,2.50626
87.4400,2.50733
87.4600,2.50840
87.4800,2.50947
87.5000,2.51054
87.5200,2.51161
87.5400,2.51268
87.5600,2.51375
87.5800,2.51482
87.6000,2.51589
87.6200,2.51695
87.6400,2.51802
87.6600,2.51908
87.6800,2.52015
87.7000,2.52121
87.7200,2.52227
87.7400,2.52333
87.7600,2.52440
87.7800,2.52546
87.8000,2.52652
87.8200,2.52758
87.8400,2.52863
87.8600,2.52969
87.8800,2.53075
87.9000,2.53181
87.9200,2.53286
87.9400,2.53392
87.9600,2.53497
87.9800,2.53603
88.0000,2.53708
88.0200,2.53813
88.0400,2.53918
88.0600,2.54023
88.0800,2.54128
88.1000,2.54233
88.1200,2.54338
88.1400,2.54443
88.1600,2.54548
88.1800,2.54653
88.2000,2.54757
88.2200,2.54862
88.2400,2.54966
88.2600,2.55070
88.2800,2.55175
88.3000,2.55279
88.3200,2.55383
88.3400,2.55487
88.3600,2.55591
88.3800,2.55695
88.4000,2.55799
88.4200,2.55903
88.4400,2.56007
88.4600,2.56110
88.4800,2.56214
88.5000,2.56317
88.5200,2.56421
88.5400,2.56524
88.5600,2.56627
88.5800,2.56730
88.6000,2.56834
88.6200,2.56937
88.6400,2.57040
88.6600,2.57142
88.6800,2.57245
88.7000,2.57348
88.7200,2.57451
88.7400,2.57553
88.7600,2.57656
88.7800,2.57758
88.8000,2.57860
88.8200,2.57963
88.8400,2.58065
88.8600,2.58167
88.8800,2.58269
88.9000,2.58371
88.9200,2.58473
88.9400,2.58575
88.9600,2.58676
88.9800,2.58778
89.0000,2.58880
89.0200,2.58981
89.0400,2.59083
89.0600,2.59184
89.0800,2.59285
89.1000,2.59386
89.1200,2.59487
89.1400,2.59588
89.1600,2.59689
89.1800,2.59790
89.2000,2.59891
89.2200,2.59992
89.2400,2.60092
89.2600,2.60193
89.2800,2.60293
89.3000,2.60394
89.3200,2.60494
89.3400,2.60594
89.3600,2.60694
89.3800,2.60794
89.4000,2.60894
89.4200,2.60994
89.4400,2.61094
89.4600,2.61194
89.4800,2.61293
89.5000,2.61393
89.5200,2.61492
89.5400,2.61592
89.5600,2.61691
89.5800,2.61790
89.6000,2.61889
89.6200,2.61988
89.6400,2.62087
89.6600,2.62186
89.6800,2.62285
89.7000,2.62384
89.7200,2.62482
89.7400,2.62581
89.7600,2.62679
89.7800,2.62778
89.8000,2.62876
89.8200,2.62974
89.8400,2.63072
89.8600,2.63170
89.8800,2.63268
89.9000,2.63366
89.9200,2.63464
89.9400,2.63562
89.9600,2.63659
89.9800,2.63757
90.0000,2.63854
90.0200,2.63952
90.0400,2.64049
90.0600,2.64146
90.0800,2.64243
90.1000,2.64340
90.1200,2.64437
90.1400,2.64534
90.1600,2.64631
90.1800,2.64727
90.2000,2.64824
90.2200,2.64920
90.2400,2.65017
90.2600,2.65113
90.2800,2.65209
90.3000,2.65305
90.3200,2.65401
90.3400,2.65497
90.3600,2.65593
90.3800,2.65689
90.4000,2.65785
90.4200,2.65880
90.4400,2.65976
90.4600,2.66071
90.4800,2.66167
90.5000,2.66262
90.5200,2.66357
90.5400,2.66452
90.5600,2.66547
90.5800,2.66642
90.6000,2.66737
90.6200,2.66831
90.6400,2.66926
90.6600,2.67020
90.6800,2.67115
90.7000,2.67209
90.7200,2.67303
90.7400,2.67397
90.7600,2.67491
90.7800,2.67585
90.8000,2.67679
90.8200,2.67773
90.8400,2.67867
90.8600,2.67960
90.8800,2.68054
90.9000,2.68147
90.9200,2.68240
90.9400,2.68334
90.9600,2.68427
90.9800,2.68520
91.0000,2.68613
91.0200,2.68706
91.0400,2.68798
91.0600,2.68891
91.0800,2.68983
91.1000,2.69076
91.1200,2.69168
91.1400,2.69261
91.1600,2.69353
91.1800,2.69445
91.2000,2.69537
91.2200,2.69629
91.2400,2.69720
91.2600,2.69812
91.2800,2.69904
91.3000,2.69995
91.3200,2.70087
91.3400,2.70178
91.3600,2.70269
91.3800,2.70360
91.4000,2.70451
91.4200,2.70542
91.4400,2.70633
91.4600,2.70724
91.4800,2.70814
91.5000,2.70905
91.5200,2.70995
91.5400,2.71086
91.5600,2.71176
91.5800,2.71266
91.6000,2.71356
91.6200,2.71446
91.6400,2.71536
91.6600,2.71626
91.6800,2.71715
91.7000,2.71805
91.7200,2.71894
91.7400,2.71984
91.7600,2.72073
91.7800,2.72162
91.8000,2.72251
91.8200,2.72340
91.8400,2.72429
91.8600,2.72518
91.8800,2.72606
91.9000,2.72695
91.9200,2.72783
91.9400,2.72872
91.9600,2.72960
91.9800,2.73048
92.0000,2.73136
92.0200,2.73224
92.0400,2.73312
92.0600,2.73400
92.0800,2.73487
92.1000,2.73575
92.1200,2.73662
92.1400,2.73750
92.1600,2.73837
92.1800,2.73924
92.2000,2.74011
92.2200,2.74098
92.2400,2.74185
92.2600,2.74272
92.2800,2.74358
92.3000,2.74445
92.3200,2.74531
92.3400,2.74618
92.3600,2.74704
92.3800,2.74790
92.4000,2.74876
92.4200,2.74962
92.4400,2.75048
92.4600,2.75133
92.4800,2.75219
92.5000,2.75304
92.5200,2.75390
92.5400,2.75475
92.5600,2.75560
92.5800,2.75645
92.6000,2.75730
92.6200,2.75815
92.6400,2.75900
92.6600,2.75984
92.6800,2.76069
92.7000,2.76153
92.7200,2.76238
92.7400,2.76322
92.7600,2.76406
92.7800,2.76490
92.8000,2.76574
92.8200,2.76658
92.8400,2.76741
92.8600,2.76825
92.8800,2.76909
92.9000,2.76992
92.9200,2.77075
92.9400,2.77158
92.9600,2.77241
92.9800,2.77324
93.0000,2.77407
93.0200,2.77490
93.0400,2.77572
93.0600,2.77655
93.0800,2.77737
93.1000,2.77820
93.1200,2.77902
93.1400,2.77984
93.1600,2.78066
93.1800,2.78148
93.2000,2.78229
93.2200,2.78311
93.2400,2.78393
93.2600,2.78474
93.2800,2.78555
93.3000,2.78637
93.3200,2.78718
93.3400,2.78799
93.3600,2.78880
93.3800,2.78960
93.4000,2.79041
93.4200,2.79121
93.4400,2.79202
93.4600,2.79282
93.4800,2.79362
93.5000,2.79443
93.5200,2.79523
93.5400,2.79602
93.5600,2.79682
93.5800,2.79762
93.6000,2.79841
93.6200,2.79921
93.6400,2.80000
93.6600,2.80079
93.6800,2.80158
93.7000,2.80237
93.7200,2.80316
93.7400,2.80395
93.7600,2.80474
93.7800,2.80552
93.8000,2.80631
93.8200,2.80709
93.8400,2.80787
93.8600,2.80865
93.8800,2.80943
93.9000,2.81021
93.9200,2.81099
93.9400,2.81176
93.9600,2.81254
93.9800,2.81331
94.0000,2.81409
94.0200,2.81486
94.0400,2.81563
94.0600,2.81640
94.0800,2.81717
94.1000,2.81793
94.1200,2.81870
94.1400,2.81946
94.1600,2.82023
94.1800,2.82099
94.2000,2.82175
94.2200,2.82251
94.2400,2.82327
94.2600,2.82403
94.2800,2.82478
94.3000,2.82554
94.3200,2.82630
94.3400,2.82705
94.3600,2.82780
94.3800,2.82855
94.4000,2.82930
94.4200,2.83005
94.4400,2.83080
94.4600,2.83154
94.4800,2.83229
94.5000,2.83303
94.5200,2.83378
94.5400,2.83452
94.5600,2.83526
94.5800,2.83600
94.6000,2.83673
94.6200,2.83747
94.6400,2.83821
94.6600,2.83894
94.6800,2.83968
94.7000,2.84041
94.7200,2.84114
94.7400,2.84187
94.7600,2.84260
94.7800,2.84332
94.8000,2.84405
94.8200,2.84478
94.8400,2.84550
94.8600,2.84622
94.8800,2.84694
94.9000,2.84766
94.9200,2.84838
94.9400,2.84910
94.9600,2.84982
94.9800,2.85053
95.0000,2.85125
95.0200,2.85196
95.0400,2.85267
95.0600,2.85338
95.0800,2.85409
95.1000,2.85480
95.1200,2.85551
95.1400,2.85622
95.1600,2.85692
95.1800,2.85762
95.2000,2.85833
95.2200,2.85903
95.2400,2.85973
95.2600,2.86043
95.2800,2.86112
95.3000,2.86182
95.3200,2.86251
95.3400,2.86321
95.3600,2.86390
95.3800,2.86459
95.4000,2.86528
95.4200,2.86597
95.4400,2.86666
95.4600,2.86735
95.4800,2.86803
95.5000,2.86871
95.5200,2.86940
95.5400,2.87008
95.5600,2.87076
95.5800,2.87144
95.6000,2.87212
95.6200,2.87279
95.6400,2.87347
95.6600,2.87414
95.6800,2.87482
95.7000,2.87549
95.7200,2.87616
95.7400,2.87683
95.7600,2.87750
95.7800,2.87816
95.8000,2.87883
95.8200,2.87949
95.8400,2.88016
95.8600,2.88082
95.8800,2.88148
95.9000,2.88214
95.9200,2.88280
95.9400,2.88345
95.9600,2.88411
95.9800,2.88476
96.0000,2.88542
96.0200,2.88607
96.0400,2.88672
96.0600,2.88737
96.0800,2.88801
96.1000,2.88866
96.1200,2.88931
96.1400,2.88995
96.1600,2.89059
96.1800,2.89124
96.2000,2.89188
96.2200,2.89252
96.2400,2.89315
96.2600,2.89379
96.2800,2.89443
96.3000,2.89506
96.3200,2.89569
96.3400,2.89633
96.3600,2.89696
96.3800,2.89759
96.4000,2.89821
96.4200,2.89884
96.4400,2.89946
96.4600,2.90009
96.4800,2.90071
96.5000,2.90133
96.5200,2.90195
96.5400,2.90257
96.5600,2.90319
96.5800,2.90381
96.6000,2.90442
96.6200,2.90504
96.6400,2.90565
96.6600,2.90626
96.6800,2.90687
96.7000,2.90748
96.7200,2.90809
96.7400,2.90869
96.7600,2.90930
96.7800,2.90990
96.8000,2.91050
96.8200,2.91110
96.8400,2.91170
96.8600,2.91230
96.8800,2.91290
96.9000,2.91349
96.9200,2.91409
96.9400,2.91468
96.9600,2.91527
96.9800,2.91587
97.0000,2.91645
97.0200,2.91704
97.0400,2.91763
97.0600,2.91821
97.0800,2.91880
97.1000,2.91938
97.1200,2.91996
97.1400,2.92054
97.1600,2.92112
97.1800,2.92170
97.2000,2.92228
97.2200,2.92285
97.2400,2.92343
97.2600,2.92400
97.2800,2.92457
97.3000,2.92514
97.3200,2.92571
97.3400,2.92627
97.3600,2.92684
97.3800,2.92741
97.4000,2.92797
97.4200,2.92853
97.4400,2.92909
97.4600,2.92965
97.4800,2.93021
97.5000,2.93076
97.5200,2.93132
97.5400,2.93187
97.5600,2.93243
97.5800,2.93298
97.6000,2.93353
97.6200,2.93408
97.6400,2.93462
97.6600,2.93517
97.6800,2.93572
97.7000,2.93626
97.7200,2.93680
97.7400,2.93734
97.7600,2.93788
97.7800,2.93842
97.8000,2.93896
97.8200,2.93949
97.8400,2.94003
97.8600,2.94056
97.8800,2.94109
97.9000,2.94162
97.9200,2.94215
97.9400,2.94268
97.9600,2.94320
97.9800,2.94373
98.0000,2.94425
98.0200,2.94477
98.0400,2.94529
98.0600,2.94581
98.0800,2.94633
98.1000,2.94685
98.1200,2.94736
98.1400,2.94788
98.1600,2.94839
98.1800,2.94890
98.2000,2.94941
98.2200,2.94992
98.2400,2.95043
98.2600,2.95093
98.2800,2.95144
98.3000,2.95194
98.3200,2.95244
98.3400,2.95294
98.3600,2.95344
98.3800,2.95394
98.4000,2.95444
98.4200,2.95493
98.4400,2.95543
98.4600,2.95592
98.4800,2.95641
98.5000,2.95690
98.5200,2.95739
98.5400,2.95788
98.5600,2.95836
98.5800,2.95885
98.6000,2.95933
98.6200,2.95981
98.6400,2.96029
98.6600,2.96077
98.6800,2.96125
98.7000,2.96172
98.7200,2.96220
98.7400,2.96267
98.7600,2.96314
98.7800,2.96362
98.8000,2.96408
98.8200,2.96455
98.8400,2.96502
98.8600,2.96548
98.8800,2.96595
98.9000,2.96641
98.9200,2.96687
98.9400,2.96733
98.9600,2.96779
98.9800,2.96825
99.0000,2.96870
99.0200,2.96916
99.0400,2.96961
99.0600,2.97006
99.0800,2.97051
99.1000,2.97096
99.1200,2.97141
99.1400,2.97186
99.1600,2.97230
99.1800,2.97274
99.2000,2.97319
99.2200,2.97363
99.2400,2.97407
99.2600,2.97450
99.2800,2.97494
99.3000,2.97537
99.3200,2.97581
99.3400,2.97624
99.3600,2.97667
99.3800,2.97710
99.4000,2.97753
99.4200,2.97796
99.4400,2.97838
99.4600,2.97881
99.4800,2.97923
99.5000,2.97965
99.5200,2.98007
99.5400,2.98049
99.5600,2.98090
99.5800,2.98132
99.6000,2.98173
99.6200,2.98215
99.6400,2.98256
99.6600,2.98297
99.6800,2.98338
99.7000,2.98379
99.7200,2.98419
99.7400,2.98460
99.7600,2.98500
99.7800,2.98540
99.8000,2.98580
99.8200,2.98620
99.8400,2.98660
99.8600,2.98699
99.8800,2.98739
99.9000,2.98778
99.9200,2.98817
99.9400,2.98857
99.9600,2.98895
99.9800,2.98934
100.0000,2.98973
100.0200,2.99011
100.0400,2.99050
100.0600,2.99088
100.0800,2.99126
100.1000,2.99164
100.1200,2.99202
100.1400,2.99240
100.1600,2.99277
100.1800,2.99314
100.2000,2.99352
100.2200,2.99389
100.2400,2.99426
100.2600,2.99463
100.2800,2.99499
100.3000,2.99536
100.3200,2.99572
100.3400,2.99608
100.3600,2.99645
100.3800,2.99681
100.4000,2.99716
100.4200,2.99752
100.4400,2.99788
100.4600,2.99823
100.4800,2.99858
100.5000,2.99894
100.5200,2.99929
100.5400,2.99963
100.5600,2.99998
100.5800,3.00033
100.6000,3.00067
100.6200,3.00101
100.6400,3.00136
100.6600,3.00170
100.6800,3.00203
100.7000,3.00237
100.7200,3.00271
100.7400,3.00304
100.7600,3.00338
100.7800,3.00371
100.8000,3.00404
100.8200,3.00437
100.8400,3.00469
100.8600,3.00502
100.8800,3.00534
100.9000,3.00567
100.9200,3.00599
100.9400,3.00631
100.9600,3.00663
100.9800,3.00695
101.0000,3.00726
101.0200,3.00758
101.0400,3.00789
101.0600,3.00820
101.0800,3.00851
101.1000,3.00882
101.1200,3.00913
101.1400,3.00943
101.1600,3.00974
101.1800,3.01004
101.2000,3.01034
101.2200,3.01064
101.2400,3.01094
101.2600,3.01124
101.2800,3.01154
101.3000,3.01183
101.3200,3.01213
101.3400,3.01242
101.3600,3.01271
101.3800,3.01300
101.4000,3.01328
101.4200,3.01357
101.4400,3.01386
101.4600,3.01414
101.4800,3.01442
101.5000,3.01470
101.5200,3.01498
101.5400,3.01526
101.5600,3.01553
101.5800,3.01581
101.6000,3.01608
101.6200,3.01636
101.6400,3.01663
101.6600,3.01689
101.6800,3.01716
101.7000,3.01743
101.7200,3.01769
101.7400,3.01796
101.7600,3.01822
101.7800,3.01848
101.8000,3.01874
101.8200,3.01900
101.8400,3.01925
101.8600,3.01951
101.8800,3.01976
101.9000,3.02001
101.9200,3.02026
101.9400,3.02051
101.9600,3.02076
101.9800,3.02101
102.0000,3.02125
102.0200,3.02150
102.0400,3.02174
102.0600,3.02198
102.0800,3.02222
102.1000,3.02246
102.1200,3.02269
102.1400,3.02293
102.1600,3.02316
102.1800,3.02339
102.2000,3.02362
102.2200,3.02385
102.2400,3.02408
102.2600,3.02431
102.2800,3.02453
102.3000,3.02475
102.3200,3.02498
102.3400,3.02520
102.3600,3.02542
102.3800,3.02563
102.4000,3.02585
102.4200,3.02607
102.4400,3.02628
102.4600,3.02649
102.4800,3.02670
102.5000,3.02691
102.5200,3.02712
102.5400,3.02732
102.5600,3.02753
102.5800,3.02773
102.6000,3.02793
102.6200,3.02814
102.6400,3.02833
102.6600,3.02853
102.6800,3.02873
102.7000,3.02892
102.7200,3.02912
102.7400,3.02931
102.7600,3.02950
102.7800,3.02969
102.8000,3.02988
102.8200,3.03006
102.8400,3.03025
102.8600,3.03043
102.8800,3.03061
102.9000,3.03079
102.9200,3.03097
102.9400,3.03115
102.9600,3.03133
102.9800,3.03150
103.0000,3.03167
103.0200,3.03185
103.0400,3.03202
103.0600,3.03218
103.0800,3.03235
103.1000,3.03252
103.1200,3.03268
103.1400,3.03285
103.1600,3.03301
103.1800,3.03317
103.2000,3.03333
103.2200,3.03349
103.2400,3.03364
103.2600,3.03380
103.2800,3.03395
103.3000,3.03410
103.3200,3.03425
103.3400,3.03440
103.3600,3.03455
103.3800,3.03469
103.4000,3.03484
103.4200,3.03498
103.4400,3.03512
103.4600,3.03526
103.4800,3.03540
103.5000,3.03554
103.5200,3.03568
103.5400,3.03581
103.5600,3.03595
103.5800,3.03608
103.6000,3.03621
103.6200,3.03634
103.6400,3.03646
103.6600,3.03659
103.6800,3.03671
103.7000,3.03684
103.7200,3.03696
103.7400,3.03708
103.7600,3.03720
103.7800,3.03732
103.8000,3.03743
103.8200,3.03755
103.8400,3.03766
103.8600,3.03777
103.8800,3.03788
103.9000,3.03799
103.9200,3.03810
103.9400,3.03820
103.9600,3.03831
103.9800,3.03841
104.0000,3.03851
104.0200,3.03861
104.0400,3.03871
104.0600,3.03881
104.0800,3.03891
104.1000,3.03900
104.1200,3.03909
104.1400,3.03919
104.1600,3.03928
104.1800,3.03937
104.2000,3.03945
104.2200,3.03954
104.2400,3.03962
104.2600,3.03971
104.2800,3.03979
104.3000,3.03987
104.3200,3.03995
104.3400,3.04003
104.3600,3.04010
104.3800,3.04018
104.4000,3.04025
104.4200,3.04032
104.4400,3.04039
104.4600,3.04046
104.4800,3.04053
104.5000,3.04059
104.5200,3.04066
104.5400,3.04072
104.5600,3.04078
104.5800,3.04084
104.6000,3.04090
104.6200,3.04096
104.6400,3.04102
104.6600,3.04107
104.6800,3.04113
104.7000,3.04118
104.7200,3.04123
104.7400,3.04128
104.7600,3.04132
104.7800,3.04137
104.8000,3.04141
104.8200,3.04146
104.8400,3.04150
104.8600,3.04154
104.8800,3.04158
104.9000,3.04162
104.9200,3.04165
104.9400,3.04169
104.9600,3.04172
104.9800,3.04175
105.0000,3.04178
105.0200,3.04181
105.0400,3.04184
105.0600,3.04187
105.0800,3.04189
105.1000,3.04192
105.1200,3.04194
105.1400,3.04196
105.1600,3.04198
105.1800,3.04200
105.2000,3.04201
105.2200,3.04203
105.2400,3.04204
105.2600,3.04205
105.2800,3.04206
105.3000,3.04207
105.3200,3.04208
105.3400,3.04209
105.3600,3.04209
105.3800,3.04210
105.4000,3.04210
105.4200,3.04210
105.4400,3.04210
105.4600,3.04210
105.4800,3.04209
105.5000,3.04209
105.5200,3.04208
105.5400,3.04208
105.5600,3.04207
105.5800,3.04206
105.6000,3.04204
105.6200,3.04203
105.6400,3.04202
105.6600,3.04200
105.6800,3.04198
105.7000,3.04196
105.7200,3.04194
105.7400,3.04192
105.7600,3.04190
105.7800,3.04187
105.8000,3.04185
105.8200,3.04182
105.8400,3.04179
105.8600,3.04176
105.8800,3.04173
105.9000,3.04170
105.9200,3.04166
105.9400,3.04163
105.9600,3.04159
105.9800,3.04155
106.0000,3.04151
106.0200,3.04147
106.0400,3.04143
106.0600,3.04139
106.0800,3.04134
106.1000,3.04129
106.1200,3.04124
106.1400,3.04120
106.1600,3.04114
106.1800,3.04109
106.2000,3.04104
106.2200,3.04098
106.2400,3.04093
106.2600,3.04087
106.2800,3.04081
106.3000,3.04075
106.3200,3.04069
106.3400,3.04062
106.3600,3.04056
106.3800,3.04049
106.4000,3.04042
106.4200,3.04035
106.4400,3.04028
106.4600,3.04021
106.4800,3.04014
106.5000,3.04006
106.5200,3.03999
106.5400,3.03991
106.5600,3.03983
106.5800,3.03975
106.6000,3.03967
106.6200,3.03959
106.6400,3.03950
106.6600,3.03942
106.6800,3.03933
106.7000,3.03924
106.7200,3.03915
106.7400,3.03906
106.7600,3.03897
106.7800,3.03887
106.8000,3.03878
106.8200,3.03868
106.8400,3.03858
106.8600,3.03848
106.8800,3.03838
106.9000,3.03828
106.9200,3.03818
106.9400,3.03807
106.9600,3.03797
106.9800,3.03786
107.0000,3.03775
107.0200,3.03764
107.0400,3.03753
107.0600,3.03741
107.0800,3.03730
107.1000,3.03718
107.1200,3.03707
107.1400,3.03695
107.1600,3.03683
107.1800,3.03671
107.2000,3.03658
107.2200,3.03646
107.2400,3.03633
107.2600,3.03621
107.2800,3.03608
107.3000,3.03595
107.3200,3.03582
107.3400,3.03568
107.3600,3.03555
107.3800,3.03542
107.4000,3.03528
107.4200,3.03514
107.4400,3.03500
107.4600,3.03486
107.4800,3.03472
107.5000,3.03458
107.5200,3.03443
107.5400,3.03429
107.5600,3.03414
107.5800,3.03399
107.6000,3.03384
107.6200,3.03369
107.6400,3.03354
107.6600,3.03338
107.6800,3.03323
107.7000,3.03307
107.7200,3.03291
107.7400,3.03275
107.7600,3.03259
107.7800,3.03243
107.8000,3.03227
107.8200,3.03210
107.8400,3.03194
107.8600,3.03177
107.8800,3.03160
107.9000,3.03143
107.9200,3.03126
107.9400,3.03109
107.9600,3.03091
107.9800,3.03074
108.0000,3.03056
108.0200,3.03038
108.0400,3.03020
108.0600,3.03002
108.0800,3.02984
108.1000,3.02966
108.1200,3.02947
108.1400,3.02928
108.1600,3.02910
108.1800,3.02891
108.2000,3.02872
108.2200,3.02853
108.2400,3.02833
108.2600,3.02814
108.2800,3.02794
108.3000,3.02775
108.3200,3.02755
108.3400,3.02735
108.3600,3.02715
108.3800,3.02695
108.4000,3.02674
108.4200,3.02654
108.4400,3.02633
108.4600,3.02612
108.4800,3.02592
108.5000,3.02571
108.5200,3.02549
108.5400,3.02528
108.5600,3.02507
108.5800,3.02485
108.6000,3.02464
108.6200,3.02442
108.6400,3.02420
108.6600,3.02398
108.6800,3.02376
108.7000,3.02353
108.7200,3.02331
108.7400,3.02308
108.7600,3.02286
108.7800,3.02263
108.8000,3.02240
108.8200,3.02217
108.8400,3.02194
108.8600,3.02170
108.8800,3.02147
108.9000,3.02123
108.9200,3.02099
108.9400,3.02075
108.9600,3.02051
108.9800,3.02027
109.0000,3.02003
109.0200,3.01979
109.0400,3.01954
109.0600,3.01930
109.0800,3.01905
109.1000,3.01880
109.1200,3.01855
109.1400,3.01830
109.1600,3.01804
109.1800,3.01779
109.2000,3.01753
109.2200,3.01728
109.2400,3.01702
109.2600,3.01676
109.2800,3.01650
109.3000,3.01624
109.3200,3.01597
109.3400,3.01571
109.3600,3.01544
109.3800,3.01518
109.4000,3.01491
109.4200,3.01464
109.4400,3.01437
109.4600,3.01409
109.4800,3.01382
109.5000,3.01355
109.5200,3.01327
109.5400,3.01299
109.5600,3.01271
109.5800,3.01243
109.6000,3.01215
109.6200,3.01187
109.6400,3.01159
109.6600,3.01130
109.6800,3.01102
109.7000,3.01073
109.7200,3.01044
109.7400,3.01015
109.7600,3.00986
109.7800,3.00957
109.8000,3.00927
109.8200,3.00898
109.8400,3.00868
109.8600,3.00839
109.8800,3.00809
109.9000,3.00779
109.9200,3.00749
109.9400,3.00718
109.9600,3.00688
109.9800,3.00657
110.0000,3.00627
110.0200,3.00596
110.0400,3.00565
110.0600,3.00534
110.0800,3.00503
110.1000,3.00472
110.1200,3.00441
110.1400,3.00409
110.1600,3.00377
110.1800,3.00346
110.2000,3.00314
110.2200,3.00282
110.2400,3.00250
110.2600,3.00218
110.2800,3.00185
110.3000,3.00153
110.3200,3.00120
110.3400,3.00087
110.3600,3.00055
110.3800,3.00022
110.4000,2.99988
110.4200,2.99955
110.4400,2.99922
110.4600,2.99888
110.4800,2.99855
110.5000,2.99821
110.5200,2.99787
110.5400,2.99753
110.5600,2.99719
110.5800,2.99685
110.6000,2.99651
110.6200,2.99616
110.6400,2.99582
110.6600,2.99547
110.6800,2.99512
110.7000,2.99478
110.7200,2.99443
110.7400,2.99407
110.7600,2.99372
110.7800,2.99337
110.8000,2.99301
110.8200,2.99266
110.8400,2.99230
110.8600,2.99194
110.8800,2.99158
110.9000,2.99122
110.9200,2.99086
110.9400,2.99049
110.9600,2.99013
110.9800,2.98976
111.0000,2.98939
111.0200,2.98903
111.0400,2.98866
111.0600,2.98829
111.0800,2.98791
111.1000,2.98754
111.1200,2.98717
111.1400,2.98679
111.1600,2.98642
111.1800,2.98604
111.2000,2.98566
111.2200,2.98528
111.2400,2.98490
111.2600,2.98452
111.2800,2.98413
111.3000,2.98375
111.3200,2.98336
111.3400,2.98297
111.3600,2.98259
111.3800,2.98220
111.4000,2.98181
111.4200,2.98141
111.4400,2.98102
111.4600,2.98063
111.4800,2.98023
111.5000,2.97983
111.5200,2.97944
111.5400,2.97904
111.5600,2.97864
111.5800,2.97824
111.6000,2.97783
111.6200,2.97743
111.6400,2.97703
111.6600,2.97662
111.6800,2.97621
111.7000,2.97581
111.7200,2.97540
111.7400,2.97499
111.7600,2.97458
111.7800,2.97416
111.8000,2.97375
111.8200,2.97333
111.8400,2.97292
111.8600,2.97250
111.8800,2.97208
111.9000,2.97166
111.9200,2.97124
111.9400,2.97082
111.9600,2.97040
111.9800,2.96997
112.0000,2.96955
112.0200,2.96912
112.0400,2.96870
112.0600,2.96827
112.0800,2.96784
112.1000,2.96741
112.1200,2.96698
112.1400,2.96654
112.1600,2.96611
112.1800,2.96567
112.2000,2.96524
112.2200,2.96480
112.2400,2.96436
112.2600,2.96392
112.2800,2.96348
112.3000,2.96304
112.3200,2.96260
112.3400,2.96215
112.3600,2.96171
112.3800,2.96126
112.4000,2.96081
112.4200,2.96037
112.4400,2.95992
112.4600,2.95947
112.4800,2.95901
112.5000,2.95856
112.5200,2.95811
112.5400,2.95765
112.5600,2.95720
112.5800,2.95674
112.6000,2.95628
112.6200,2.95582
112.6400,2.95536
112.6600,2.95490
112.6800,2.95444
112.7000,2.95397
112.7200,2.95351
112.7400,2.95304
112.7600,2.95258
112.7800,2.95211
112.8000,2.95164
112.8200,2.95117
112.8400,2.95070
112.8600,2.95022
112.8800,2.94975
112.9000,2.94928
112.9200,2.94880
112.9400,2.94833
112.9600,2.94785
112.9800,2.94737
113.0000,2.94689
113.0200,2.94641
113.0400,2.94593
113.0600,2.94544
113.0800,2.94496
113.1000,2.94447
113.1200,2.94399
113.1400,2.94350
113.1600,2.94301
113.1800,2.94252
113.2000,2.94203
113.2200,2.94154
113.2400,2.94105
113.2600,2.94056
113.2800,2.94006
113.3000,2.93957
113.3200,2.93907
113.3400,2.93857
113.3600,2.93807
113.3800,2.93757
113.4000,2.93707
113.4200,2.93657
113.4400,2.93607
113.4600,2.93557
113.4800,2.93506
113.5000,2.93456
113.5200,2.93405
113.5400,2.93354
113.5600,2.93303
113.5800,2.93252
113.6000,2.93201
113.6200,2.93150
113.6400,2.93099
113.6600,2.93047
113.6800,2.92996
113.7000,2.92944
113.7200,2.92892
113.7400,2.92841
113.7600,2.92789
113.7800,2.92737
113.8000,2.92685
113.8200,2.92633
113.8400,2.92580
113.8600,2.92528
113.8800,2.92475
113.9000,2.92423
113.9200,2.92370
113.9400,2.92317
113.9600,2.92264
113.9800,2.92211
114.0000,2.92158
114.0200,2.92105
114.0400,2.92052
114.0600,2.91998
114.0800,2.91945
114.1000,2.91891
114.1200,2.91838
114.1400,2.91784
114.1600,2.91730
114.1800,2.91676
114.2000,2.91622
114.2200,2.91568
114.2400,2.91514
114.2600,2.91459
114.2800,2.91405
114.3000,2.91350
114.3200,2.91296
114.3400,2.91241
114.3600,2.91186
114.3800,2.91131
114.4000,2.91076
114.4200,2.91021
114.4400,2.90966
114.4600,2.90910
114.4800,2.90855
114.5000,2.90800
114.5200,2.90744
114.5400,2.90688
114.5600,2.90632
114.5800,2.90577
114.6000,2.90521
114.6200,2.90465
114.6400,2.90408
114.6600,2.90352
114.6800,2.90296
114.7000,2.90239
114.7200,2.90183
114.7400,2.90126
114.7600,2.90069
114.7800,2.90013
114.8000,2.89956
114.8200,2.89899
114.8400,2.89842
114.8600,2.89784
114.8800,2.89727
114.9000,2.89670
114.9200,2.89612
114.9400,2.89555
114.9600,2.89497
114.9800,2.89439
115.0000,2.89382
115.0200,2.89324
115.0400,2.89266
115.0600,2.89208
115.0800,2.89149
115.1000,2.89091
115.1200,2.89033
115.1400,2.88974
115.1600,2.88916
115.1800,2.88857
115.2000,2.88798
115.2200,2.88740
115.2400,2.88681
115.2600,2.88622
115.2800,2.88563
115.3000,2.88504
115.3200,2.88444
115.3400,2.88385
115.3600,2.88326
115.3800,2.88266
115.4000,2.88206
115.4200,2.88147
115.4400,2.88087
115.4600,2.88027
115.4800,2.87967
115.5000,2.87907
115.5200,2.87847
115.5400,2.87787
115.5600,2.87726
115.5800,2.87666
115.6000,2.87606
115.6200,2.87545
115.6400,2.87484
115.6600,2.87424
115.6800,2.87363
115.7000,2.87302
115.7200,2.87241
115.7400,2.87180
115.7600,2.87119
115.7800,2.87058
115.8000,2.86996
115.8200,2.86935
115.8400,2.86873
115.8600,2.86812
115.8800,2.86750
115.9000,2.86688
115.9200,2.86627
115.9400,2.86565
115.9600,2.86503
115.9800,2.86441
116.0000,2.86379
116.0200,2.86316
116.0400,2.86254
116.0600,2.86192
116.0800,2.86129
116.1000,2.86067
116.1200,2.86004
116.1400,2.85941
116.1600,2.85878
116.1800,2.85816
116.2000,2.85753
116.2200,2.85690
116.2400,2.85626
116.2600,2.85563
116.2800,2.85500
116.3000,2.85437
116.3200,2.85373
116.3400,2.85310
116.3600,2.85246
116.3800,2.85182
116.4000,2.85119
116.4200,2.85055
116.4400,2.84991
116.4600,2.84927
116.4800,2.84863
116.5000,2.84799
116.5200,2.84734
116.5400,2.84670
116.5600,2.84606
116.5800,2.84541
116.6000,2.84477
116.6200,2.84412
116.6400,2.84347
116.6600,2.84283
116.6800,2.84218
116.7000,2.84153
116.7200,2.84088
116.7400,2.84023
116.7600,2.83958
116.7800,2.83892
116.8000,2.83827
116.8200,2.83762
116.8400,2.83696
116.8600,2.83631
116.8800,2.83565
116.9000,2.83499
116.9200,2.83434
116.9400,2.83368
116.9600,2.83302
116.9800,2.83236
117.0000,2.83170
117.0200,2.83104
117.0400,2.83038
117.0600,2.82971
117.0800,2.82905
117.1000,2.82839
117.1200,2.82772
117.1400,2.82705
117.1600,2.82639
117.1800,2.82572
117.2000,2.82505
117.2200,2.82439
117.2400,2.82372
117.2600,2.82305
117.2800,2.82238
117.3000,2.82170
117.3200,2.82103
117.3400,2.82036
117.3600,2.81969
117.3800,2.81901
117.4000,2.81834
117.4200,2.81766
117.4400,2.81699
117.4600,2.81631
117.4800,2.81563
117.5000,2.81495
117.5200,2.81427
117.5400,2.81359
117.5600,2.81291
117.5800,2.81223
117.6000,2.81155
117.6200,2.81087
117.6400,2.81018
117.6600,2.80950
117.6800,2.80882
117.7000,2.80813
117.7200,2.80745
117.7400,2.80676
117.7600,2.80607
117.7800,2.80538
117.8000,2.80470
117.8200,2.80401
117.8400,2.80332
117.8600,2.80263
117.8800,2.80193
117.9000,2.80124
117.9200,2.80055
117.9400,2.79986
117.9600,2.79916
117.9800,2.79847
118.0000,2.79777
118.0200,2.79708
118.0400,2.79638
118.0600,2.79568
118.0800,2.79499
118.1000,2.79429
118.1200,2.79359
118.1400,2.79289
118.1600,2.79219
118.1800,2.79149
118.2000,2.79079
118.2200,2.79009
118.2400,2.78938
118.2600,2.78868
118.2800,2.78798
118.3000,2.78727
118.3200,2.78657
118.3400,2.78586
118.3600,2.78515
118.3800,2.78445
118.4000,2.78374
118.4200,2.78303
118.4400,2.78232
118.4600,2.78161
118.4800,2.78090
118.5000,2.78019
118.5200,2.77948
118.5400,2.77877
118.5600,2.77806
118.5800,2.77734
118.6000,2.77663
118.6200,2.77592
118.6400,2.77520
118.6600,2.77449
118.6800,2.77377
118.7000,2.77305
118.7200,2.77234
118.7400,2.77162
118.7600,2.77090
118.7800,2.77018
118.8000,2.76946
118.8200,2.76874
118.8400,2.76802
118.8600,2.76730
118.8800,2.76658
118.9000,2.76586
118.9200,2.76513
118.9400,2.76441
118.9600,2.76369
118.9800,2.76296
119.0000,2.76224
119.0200,2.76151
119.0400,2.76079
119.0600,2.76006
119.0800,2.75933
119.1000,2.75860
119.1200,2.75788
119.1400,2.75715
119.1600,2.75642
119.1800,2.75569
119.2000,2.75496
119.2200,2.75423
119.2400,2.75349
119.2600,2.75276
119.2800,2.75203
119.3000,2.75130
119.3200,2.75056
119.3400,2.74983
119.3600,2.74909
119.3800,2.74836
119.4000,2.74762
119.4200,2.74689
119.4400,2.74615
119.4600,2.74541
119.4800,2.74467
119.5000,2.74394
119.5200,2.74320
119.5400,2.74246
119.5600,2.74172
119.5800,2.74098
119.6000,2.74024
119.6200,2.73950
119.6400,2.73875
119.6600,2.73801
119.6800,2.73727
119.7000,2.73653
119.7200,2.73578
119.7400,2.73504
119.7600,2.73429
119.7800,2.73355
119.8000,2.73280
119.8200,2.73206
119.8400,2.73131
119.8600,2.73056
119.8800,2.72982
119.9000,2.72907
119.9200,2.72832
119.9400,2.72757
119.9600,2.72682
119.9800,2.72607
120.0000,2.72532
120.0200,2.72457
120.0400,2.72382
120.0600,2.72307
120.0800,2.72231
120.1000,2.72156
120.1200,2.72081
120.1400,2.72005
120.1600,2.71930
120.1800,2.71855
120.2000,2.71779
120.2200,2.71704
120.2400,2.71628
120.2600,2.71552
120.2800,2.71477
120.3000,2.71401
120.3200,2.71325
120.3400,2.71250
120.3600,2.71174
120.3800,2.71098
120.4000,2.71022
120.4200,2.70946
120.4400,2.70870
120.4600,2.70794
120.4800,2.70718
120.5000,2.70642
120.5200,2.70566
120.5400,2.70489
120.5600,2.70413
120.5800,2.70337
120.6000,2.70261
120.6200,2.70184
120.6400,2.70108
120.6600,2.70031
120.6800,2.69955
120.7000,2.69878
120.7200,2.69802
120.7400,2.69725
120.7600,2.69649
120.7800,2.69572
120.8000,2.69495
120.8200,2.69418
120.8400,2.69342
120.8600,2.69265
120.8800,2.69188
120.9000,2.69111
120.9200,2.69034
120.9400,2.68957
120.9600,2.68880
120.9800,2.68803
121.0000,2.68726
121.0200,2.68649
121.0400,2.68572
121.0600,2.68495
121.0800,2.68417
121.1000,2.68340
121.1200,2.68263
121.1400,2.68185
121.1600,2.68108
121.1800,2.68031
121.2000,2.67953
121.2200,2.67876
121.2400,2.67798
121.2600,2.67721
121.2800,2.67643
121.3000,2.67565
121.3200,2.67488
121.3400,2.67410
121.3600,2.67332
121.3800,2.67255
121.4000,2.67177
121.4200,2.67099
121.4400,2.67021
121.4600,2.66943
121.4800,2.66866
121.5000,2.66788
121.5200,2.66710
121.5400,2.66632
121.5600,2.66554
121.5800,2.66476
121.6000,2.66397
121.6200,2.66319
121.6400,2.66241
121.6600,2.66163
121.6800,2.66085
121.7000,2.66007
121.7200,2.65928
121.7400,2.65850
121.7600,2.65772
121.7800,2.65693
121.8000,2.65615
121.8200,2.65537
121.8400,2.65458
121.8600,2.65380
121.8800,2.65301
121.9000,2.65223
121.9200,2.65144
121.9400,2.65066
121.9600,2.64987
121.9800,2.64908
122.0000,2.64830
122.0200,2.64751
122.0400,2.64672
122.0600,2.64594
122.0800,2.64515
122.1000,2.64436
122.1200,2.64357
122.1400,2.64278
122.1600,2.64200
122.1800,2.64121
122.2000,2.64042
122.2200,2.63963
122.2400,2.63884
122.2600,2.63805
122.2800,2.63726
122.3000,2.63647
122.3200,2.63568
122.3400,2.63489
122.3600,2.63410
122.3800,2.63330
122.4000,2.63251
122.4200,2.63172
122.4400,2.63093
122.4600,2.63014
122.4800,2.62934
122.5000,2.62855
122.5200,2.62776
122.5400,2.62697
122.5600,2.62617
122.5800,2.62538
122.6000,2.62459
122.6200,2.62379
122.6400,2.62300
122.6600,2.62220
122.6800,2.62141
122.7000,2.62061
122.7200,2.61982
122.7400,2.61902
122.7600,2.61823
122.7800,2.61743
122.8000,2.61664
122.8200,2.61584
122.8400,2.61505
122.8600,2.61425
122.8800,2.61345
122.9000,2.61266
122.9200,2.61186
122.9400,2.61106
122.9600,2.61027
122.9800,2.60947
123.0000,2.60867
123.0200,2.60787
123.0400,2.60708
123.0600,2.60628
123.0800,2.60548
123.1000,2.60468
123.1200,2.60388
123.1400,2.60309
123.1600,2.60229
123.1800,2.60149
123.2000,2.60069
123.2200,2.59989
123.2400,2.59909
123.2600,2.59829
123.2800,2.59749
123.3000,2.59669
123.3200,2.59589
123.3400,2.59509
123.3600,2.59429
123.3800,2.59349
123.4000,2.59269
123.4200,2.59189
123.4400,2.59109
123.4600,2.59029
123.4800,2.58949
123.5000,2.58869
123.5200,2.58789
123.5400,2.58708
123.5600,2.58628
123.5800,2.58548
123.6000,2.58468
123.6200,2.58388
123.6400,2.58308
123.6600,2.58227
123.6800,2.58147
123.7000,2.58067
123.7200,2.57987
123.7400,2.57907
123.7600,2.57826
123.7800,2.57746
123.8000,2.57666
123.8200,2.57586
123.8400,2.57505
123.8600,2.57425
123.8800,2.57345
123.9000,2.57264
123.9200,2.57184
123.9400,2.57104
123.9600,2.57023
123.9800,2.56943
124.0000,2.56863
124.0200,2.56782
124.0400,2.56702
124.0600,2.56622
124.0800,2.56541
124.1000,2.56461
124.1200,2.56380
124.1400,2.56300
124.1600,2.56220
124.1800,2.56139
124.2000,2.56059
124.2200,2.55978
124.2400,2.55898
124.2600,2.55818
124.2800,2.55737
124.3000,2.55657
124.3200,2.55576
124.3400,2.55496
124.3600,2.55415
124.3800,2.55335
124.4000,2.55254
124.4200,2.55174
124.4400,2.55094
124.4600,2.55013
124.4800,2.54933
124.5000,2.54852
124.5200,2.54772
124.5400,2.54691
124.5600,2.54611
124.5800,2.54530
124.6000,2.54450
124.6200,2.54369
124.6400,2.54289
124.6600,2.54208
124.6800,2.54128
124.7000,2.54047
124.7200,2.53967
124.7400,2.53886
124.7600,2.53806
124.7800,2.53725
124.8000,2.53645
124.8200,2.53564
124.8400,2.53484
124.8600,2.53403
124.8800,2.53323
124.9000,2.53242
124.9200,2.53162
124.9400,2.53081
124.9600,2.53001
124.9800,2.52920
125.0000,2.52840
125.0200,2.52760
125.0400,2.52679
125.0600,2.52599
125.0800,2.52518
125.1000,2.52438
125.1200,2.52357
125.1400,2.52277
125.1600,2.52196
125.1800,2.52116
125.2000,2.52035
125.2200,2.51955
125.2400,2.51874
125.2600,2.51794
125.2800,2.51714
125.3000,2.51633
125.3200,2.51553
125.3400,2.51472
125.3600,2.51392
125.3800,2.51311
125.4000,2.51231
125.4200,2.51151
125.4400,2.51070
125.4600,2.50990
125.4800,2.50910
125.5000,2.50829
125.5200,2.50749
125.5400,2.50668
125.5600,2.50588
125.5800,2.50508
125.6000,2.50427
125.6200,2.50347
125.6400,2.50267
125.6600,2.50186
125.6800,2.50106
125.7000,2.50026
125.7200,2.49946
125.7400,2.49865
125.7600,2.49785
125.7800,2.49705
125.8000,2.49624
125.8200,2.49544
125.8400,2.49464
125.8600,2.49384
125.8800,2.49304
125.9000,2.49223
125.9200,2.49143
125.9400,2.49063
125.9600,2.48983
125.9800,2.48903
126.0000,2.48823
126.0200,2.48742
126.0400,2.48662
126.0600,2.48582
126.0800,2.48502
126.1000,2.48422
126.1200,2.48342
126.1400,2.48262
126.1600,2.48182
126.1800,2.48102
126.2000,2.48022
126.2200,2.47942
126.2400,2.47862
126.2600,2.47782
126.2800,2.47702
126.3000,2.47622
126.3200,2.47542
126.3400,2.47462
126.3600,2.47382
126.3800,2.47302
126.4000,2.47222
126.4200,2.47142
126.4400,2.47062
126.4600,2.46983
126.4800,2.46903
126.5000,2.46823
126.5200,2.46743
126.5400,2.46663
126.5600,2.46584
126.5800,2.46504
126.6000,2.46424
126.6200,2.46344
126.6400,2.46265
126.6600,2.46185
126.6800,2.46105
126.7000,2.46026
126.7200,2.45946
126.7400,2.45867
126.7600,2.45787
126.7800,2.45707
126.8000,2.45628
126.8200,2.45548
126.8400,2.45469
126.8600,2.45389
126.8800,2.45310
126.9000,2.45230
126.9200,2.45151
126.9400,2.45071
126.9600,2.44992
126.9800,2.44913
127.0000,2.44833
127.0200,2.44754
127.0400,2.44675
127.0600,2.44595
127.0800,2.44516
127.1000,2.44437
127.1200,2.44357
127.1400,2.44278
127.1600,2.44199
127.1800,2.44120
127.2000,2.44041
127.2200,2.43962
127.2400,2.43882
127.2600,2.43803
127.2800,2.43724
127.3000,2.43645
127.3200,2.43566
127.3400,2.43487
127.3600,2.43408
127.3800,2.43329
127.4000,2.43250
127.4200,2.43172
127.4400,2.43093
127.4600,2.43014
127.4800,2.42935
127.5000,2.42856
127.5200,2.42777
127.5400,2.42699
127.5600,2.42620
127.5800,2.42541
127.6000,2.42462
127.6200,2.42384
127.6400,2.42305
127.6600,2.42227
127.6800,2.42148
127.7000,2.42069
127.7200,2.41991
127.7400,2.41912
127.7600,2.41834
127.7800,2.41755
127.8000,2.41677
127.8200,2.41599
127.8400,2.41520
127.8600,2.41442
127.8800,2.41364
127.9000,2.41285
127.9200,2.41207
127.9400,2.41129
127.9600,2.41051
127.9800,2.40972
128.0000,2.40894
128.0200,2.40816
128.0400,2.40738
128.0600,2.40660
128.0800,2.40582
128.1000,2.40504
128.1200,2.40426
128.1400,2.40348
128.1600,2.40270
128.1800,2.40192
128.2000,2.40114
128.2200,2.40037
128.2400,2.39959
128.2600,2.39881
128.2800,2.39803
128.3000,2.39726
128.3200,2.39648
128.3400,2.39570
128.3600,2.39493
128.3800,2.39415
128.4000,2.39338
128.4200,2.39260
128.4400,2.39183
128.4600,2.39105
128.4800,2.39028
128.5000,2.38950
128.5200,2.38873
128.5400,2.38796
128.5600,2.38718
128.5800,2.38641
128.6000,2.38564
128.6200,2.38487
128.6400,2.38410
128.6600,2.38332
128.6800,2.38255
128.7000,2.38178
128.7200,2.38101
128.7400,2.38024
128.7600,2.37947
128.7800,2.37871
128.8000,2.37794
128.8200,2.37717
128.8400,2.37640
128.8600,2.37563
128.8800,2.37487
128.9000,2.37410
128.9200,2.37333
128.9400,2.37257
128.9600,2.37180
128.9800,2.37103
129.0000,2.37027
129.0200,2.36950
129.0400,2.36874
129.0600,2.36798
129.0800,2.36721
129.1000,2.36645
129.1200,2.36569
129.1400,2.36492
129.1600,2.36416
129.1800,2.36340
129.2000,2.36264
129.2200,2.36188
129.2400,2.36112
129.2600,2.36036
129.2800,2.35960
129.3000,2.35884
129.3200,2.35808
129.3400,2.35732
129.3600,2.35656
129.3800,2.35580
129.4000,2.35505
129.4200,2.35429
129.4400,2.35353
129.4600,2.35278
129.4800,2.35202
129.5000,2.35126
129.5200,2.35051
129.5400,2.34975
129.5600,2.34900
129.5800,2.34825
129.6000,2.34749
129.6200,2.34674
129.6400,2.34599
129.6600,2.34523
129.6800,2.34448
129.7000,2.34373
129.7200,2.34298
129.7400,2.34223
129.7600,2.34148
129.7800,2.34073
129.8000,2.33998
129.8200,2.33923
129.8400,2.33848
129.8600,2.33774
129.8800,2.33699
129.9000,2.33624
129.9200,2.33549
129.9400,2.33475
129.9600,2.33400
129.9800,2.33326
130.0000,2.33251
130.0200,2.33177
130.0400,2.33102
130.0600,2.33028
130.0800,2.32954
130.1000,2.32879
130.1200,2.32805
130.1400,2.32731
130.1600,2.32657
130.1800,2.32583
130.2000,2.32509
130.2200,2.32435
130.2400,2.32361
130.2600,2.32287
130.2800,2.32213
130.3000,2.32139
130.3200,2.32066
130.3400,2.31992
130.3600,2.31918
130.3800,2.31845
130.4000,2.31771
130.4200,2.31697
130.4400,2.31624
130.4600,2.31550
130.4800,2.31477
130.5000,2.31404
130.5200,2.31330
130.5400,2.31257
130.5600,2.31184
130.5800,2.31111
130.6000,2.31038
130.6200,2.30965
130.6400,2.30892
130.6600,2.30819
130.6800,2.30746
130.7000,2.30673
130.7200,2.30600
130.7400,2.30527
130.7600,2.30455
130.7800,2.30382
130.8000,2.30310
130.8200,2.30237
130.8400,2.30164
130.8600,2.30092
130.8800,2.30020
130.9000,2.29947
130.9200,2.29875
130.9400,2.29803
130.9600,2.29731
130.9800,2.29658
131.0000,2.29586
131.0200,2.29514
131.0400,2.29442
131.0600,2.29370
131.0800,2.29298
131.1000,2.29227
131.1200,2.29155
131.1400,2.29083
131.1600,2.29011
131.1800,2.28940
131.2000,2.28868
131.2200,2.28797
131.2400,2.28725
131.2600,2.28654
131.2800,2.28582
131.3000,2.28511
131.3200,2.28440
131.3400,2.28369
131.3600,2.28297
131.3800,2.28226
131.4000,2.28155
131.4200,2.28084
131.4400,2.28013
131.4600,2.27942
131.4800,2.27872
131.5000,2.27801
131.5200,2.27730
131.5400,2.27659
131.5600,2.27589
131.5800,2.27518
131.6000,2.27448
131.6200,2.27377
131.6400,2.27307
131.6600,2.27237
131.6800,2.27166
131.7000,2.27096
131.7200,2.27026
131.7400,2.26956
131.7600,2.26886
131.7800,2.26816
131.8000,2.26746
131.8200,2.26676
131.8400,2.26606
131.8600,2.26536
131.8800,2.26467
131.9000,2.26397
131.9200,2.26327
131.9400,2.26258
131.9600,2.26188
131.9800,2.26119
132.0000,2.26050
132.0200,2.25980
132.0400,2.25911
132.0600,2.25842
132.0800,2.25773
132.1000,2.25704
132.1200,2.25635
132.1400,2.25566
132.1600,2.25497
132.1800,2.25428
132.2000,2.25359
132.2200,2.25290
132.2400,2.25222
132.2600,2.25153
132.2800,2.25085
132.3000,2.25016
132.3200,2.24948
132.3400,2.24879
132.3600,2.24811
132.3800,2.24743
132.4000,2.24675
132.4200,2.24606
132.4400,2.24538
132.4600,2.24470
132.4800,2.24402
132.5000,2.24335
132.5200,2.24267
132.5400,2.24199
132.5600,2.24131
132.5800,2.24064
132.6000,2.23996
132.6200,2.23929
132.6400,2.23861
132.6600,2.23794
132.6800,2.23726
132.7000,2.23659
132.7200,2.23592
132.7400,2.23525
132.7600,2.23458
132.7800,2.23391
132.8000,2.23324
132.8200,2.23257
132.8400,2.23190
132.8600,2.23123
132.8800,2.23056
132.9000,2.22990
132.9200,2.22923
132.9400,2.22857
132.9600,2.22790
132.9800,2.22724
133.0000,2.22657
133.0200,2.22591
133.0400,2.22525
133.0600,2.22459
133.0800,2.22393
133.1000,2.22327
133.1200,2.22261
133.1400,2.22195
133.1600,2.22129
133.1800,2.22063
133.2000,2.21998
133.2200,2.21932
133.2400,2.21866
133.2600,2.21801
133.2800,2.21736
133.3000,2.21670
133.3200,2.21605
133.3400,2.21540
133.3600,2.21474
133.3800,2.21409
133.4000,2.21344
133.4200,2.21279
133.4400,2.21214
133.4600,2.21150
133.4800,2.21085
133.5000,2.21020
133.5200,2.20956
133.5400,2.20891
133.5600,2.20826
133.5800,2.20762
133.6000,2.20698
133.6200,2.20633
133.6400,2.20569
133.6600,2.20505
133.6800,2.20441
133.7000,2.20377
133.7200,2.20313
133.7400,2.20249
133.7600,2.20185
133.7800,2.20121
133.8000,2.20058
133.8200,2.19994
133.8400,2.19930
133.8600,2.19867
133.8800,2.19803
133.9000,2.19740
133.9200,2.19677
133.9400,2.19614
133.9600,2.19550
133.9800,2.19487
134.0000,2.19424
134.0200,2.19361
134.0400,2.19298
134.0600,2.19236
134.0800,2.19173
134.1000,2.19110
134.1200,2.19048
134.1400,2.18985
134.1600,2.18923
134.1800,2.18860
134.2000,2.18798
134.2200,2.18736
134.2400,2.18673
134.2600,2.18611
134.2800,2.18549
134.3000,2.18487
134.3200,2.18425
134.3400,2.18364
134.3600,2.18302
134.3800,2.18240
134.4000,2.18178
134.4200,2.18117
134.4400,2.18055
134.4600,2.17994
134.4800,2.17933
134.5000,2.17871
134.5200,2.17810
134.5400,2.17749
134.5600,2.17688
134.5800,2.17627
134.6000,2.17566
134.6200,2.17505
134.6400,2.17444
134.6600,2.17384
134.6800,2.17323
134.7000,2.17263
134.7200,2.17202
134.7400,2.17142
134.7600,2.17081
134.7800,2.17021
134.8000,2.16961
134.8200,2.16901
134.8400,2.16841
134.8600,2.16781
134.8800,2.16721
134.9000,2.16661
134.9200,2.16601
134.9400,2.16542
134.9600,2.16482
134.9800,2.16422
135.0000,2.16363
135.0200,2.16303
135.0400,2.16244
135.0600,2.16185
135.0800,2.16126
135.1000,2.16067
135.1200,2.16008
135.1400,2.15949
135.1600,2.15890
135.1800,2.15831
135.2000,2.15772
135.2200,2.15714
135.2400,2.15655
135.2600,2.15596
135.2800,2.15538
135.3000,2.15480
135.3200,2.15421
135.3400,2.15363
135.3600,2.15305
135.3800,2.15247
135.4000,2.15189
135.4200,2.15131
135.4400,2.15073
135.4600,2.15015
135.4800,2.14958
135.5000,2.14900
135.5200,2.14843
135.5400,2.14785
135.5600,2.14728
135.5800,2.14670
135.6000,2.14613
135.6200,2.14556
135.6400,2.14499
135.6600,2.14442
135.6800,2.14385
135.7000,2.14328
135.7200,2.14271
135.7400,2.14215
135.7600,2.14158
135.7800,2.14101
135.8000,2.14045
135.8200,2.13989
135.8400,2.13932
135.8600,2.13876
135.8800,2.13820
135.9000,2.13764
135.9200,2.13708
135.9400,2.13652
135.9600,2.13596
135.9800,2.13540
136.0000,2.13484
136.0200,2.13429
136.0400,2.13373
136.0600,2.13318
136.0800,2.13262
136.1000,2.13207
136.1200,2.13152
136.1400,2.13096
136.1600,2.13041
136.1800,2.12986
136.2000,2.12931
136.2200,2.12877
136.2400,2.12822
136.2600,2.12767
136.2800,2.12712
136.3000,2.12658
136.3200,2.12603
136.3400,2.12549
136.3600,2.12495
136.3800,2.12440
136.4000,2.12386
136.4200,2.12332
136.4400,2.12278
136.4600,2.12224
136.4800,2.12170
136.5000,2.12117
136.5200,2.12063
136.5400,2.12009
136.5600,2.11956
136.5800,2.11902
136.6000,2.11849
136.6200,2.11796
136.6400,2.11742
136.6600,2.11689
136.6800,2.11636
136.7000,2.11583
136.7200,2.11530
136.7400,2.11477
136.7600,2.11425
136.7800,2.11372
136.8000,2.11319
136.8200,2.11267
136.8400,2.11214
136.8600,2.11162
136.8800,2.11110
136.9000,2.11058
136.9200,2.11005
136.9400,2.10953
136.9600,2.10901
136.9800,2.10850
137.0000,2.10798
137.0200,2.10746
137.0400,2.10694
137.0600,2.10643
137.0800,2.10591
137.1000,2.10540
137.1200,2.10489
137.1400,2.10437
137.1600,2.10386
137.1800,2.10335
137.2000,2.10284
137.2200,2.10233
137.2400,2.10182
137.2600,2.10132
137.2800,2.10081
137.3000,2.10030
137.3200,2.09980
137.3400,2.09929
137.3600,2.09879
137.3800,2.09829
137.4000,2.09779
137.4200,2.09728
137.4400,2.09678
137.4600,2.09628
137.4800,2.09579
137.5000,2.09529
137.5200,2.09479
137.5400,2.09429
137.5600,2.09380
137.5800,2.09330
137.6000,2.09281
137.6200,2.09232
137.6400,2.09183
137.6600,2.09133
137.6800,2.09084
137.7000,2.09035
137.7200,2.08986
137.7400,2.08938
137.7600,2.08889
137.7800,2.08840
137.8000,2.08792
137.8200,2.08743
137.8400,2.08695
137.8600,2.08646
137.8800,2.08598
137.9000,2.08550
137.9200,2.08502
137.9400,2.08454
137.9600,2.08406
137.9800,2.08358
138.0000,2.08310
138.0200,2.08263
138.0400,2.08215
138.0600,2.08168
138.0800,2.08120
138.1000,2.08073
138.1200,2.08026
138.1400,2.07978
138.1600,2.07931
138.1800,2.07884
138.2000,2.07837
138.2200,2.07790
138.2400,2.07744
138.2600,2.07697
138.2800,2.07650
138.3000,2.07604
138.3200,2.07557
138.3400,2.07511
138.3600,2.07465
138.3800,2.07419
138.4000,2.07372
138.4200,2.07326
138.4400,2.07280
138.4600,2.07235
138.4800,2.07189
138.5000,2.07143
138.5200,2.07097
138.5400,2.07052
138.5600,2.07006
138.5800,2.06961
138.6000,2.06916
138.6200,2.06871
138.6400,2.06825
138.6600,2.06780
138.6800,2.06735
138.7000,2.06691
138.7200,2.06646
138.7400,2.06601
138.7600,2.06556
138.7800,2.06512
138.8000,2.06467
138.8200,2.06423
138.8400,2.06379
138.8600,2.06334
138.8800,2.06290
138.9000,2.06246
138.9200,2.06202
138.9400,2.06158
138.9600,2.06115
138.9800,2.06071
139.0000,2.06027
139.0200,2.05984
139.0400,2.05940
139.0600,2.05897
139.0800,2.05854
139.1000,2.05810
139.1200,2.05767
139.1400,2.05724
139.1600,2.05681
139.1800,2.05638
139.2000,2.05596
139.2200,2.05553
139.2400,2.05510
139.2600,2.05468
139.2800,2.05425
139.3000,2.05383
139.3200,2.05340
139.3400,2.05298
139.3600,2.05256
139.3800,2.05214
139.4000,2.05172
139.4200,2.05130
139.4400,2.05088
139.4600,2.05047
139.4800,2.05005
139.5000,2.04963
139.5200,2.04922
139.5400,2.04881
139.5600,2.04839
139.5800,2.04798
139.6000,2.04757
139.6200,2.04716
139.6400,2.04675
139.6600,2.04634
139.6800,2.04593
139.7000,2.04553
139.7200,2.04512
139.7400,2.04471
139.7600,2.04431
139.7800,2.04391
139.8000,2.04350
139.8200,2.04310
139.8400,2.04270
139.8600,2.04230
139.8800,2.04190
139.9000,2.04150
139.9200,2.04110
139.9400,2.04070
139.9600,2.04031
139.9800,2.03991
140.0000,2.03952
140.0200,2.03912
140.0400,2.03873
140.0600,2.03834
140.0800,2.03795
140.1000,2.03756
140.1200,2.03717
140.1400,2.03678
140.1600,2.03639
140.1800,2.03600
140.2000,2.03562
140.2200,2.03523
140.2400,2.03485
140.2600,2.03446
140.2800,2.03408
140.3000,2.03370
140.3200,2.03332
140.3400,2.03294
140.3600,2.03256
140.3800,2.03218
140.4000,2.03180
140.4200,2.03142
140.4400,2.03105
140.4600,2.03067
140.4800,2.03030
140.5000,2.02992
140.5200,2.02955
140.5400,2.02918
140.5600,2.02881
140.5800,2.02844
140.6000,2.02807
140.6200,2.02770
140.6400,2.02733
140.6600,2.02696
140.6800,2.02660
140.7000,2.02623
140.7200,2.02587
140.7400,2.02550
140.7600,2.02514
140.7800,2.02478
140.8000,2.02442
140.8200,2.02406
140.8400,2.02370
140.8600,2.02334
140.8800,2.02298
140.9000,2.02262
140.9200,2.02227
140.9400,2.02191
140.9600,2.02156
140.9800,2.02120
141.0000,2.02085
141.0200,2.02050
141.0400,2.02015
141.0600,2.01980
141.0800,2.01945
141.1000,2.01910
141.1200,2.01875
141.1400,2.01840
141.1600,2.01806
141.1800,2.01771
141.2000,2.01737
141.2200,2.01702
141.2400,2.01668
141.2600,2.01634
141.2800,2.01600
141.3000,2.01566
141.3200,2.01532
141.3400,2.01498
141.3600,2.01464
141.3800,2.01430
141.4000,2.01397
141.4200,2.01363
141.4400,2.01329
141.4600,2.01296
141.4800,2.01263
141.5000,2.01230
141.5200,2.01196
141.5400,2.01163
141.5600,2.01130
141.5800,2.01098
141.6000,2.01065
141.6200,2.01032
141.6400,2.00999
141.6600,2.00967
141.6800,2.00934
141.7000,2.00902
141.7200,2.00870
141.7400,2.00837
141.7600,2.00805
141.7800,2.00773
141.8000,2.00741
141.8200,2.00709
141.8400,2.00677
141.8600,2.00646
141.8800,2.00614
141.9000,2.00582
141.9200,2.00551
141.9400,2.00520
141.9600,2.00488
141.9800,2.00457
142.0000,2.00426
142.0200,2.00395
142.0400,2.00364
142.0600,2.00333
142.0800,2.00302
142.1000,2.00271
142.1200,2.00241
142.1400,2.00210
142.1600,2.00180
142.1800,2.00149
142.2000,2.00119
142.2200,2.00088
142.2400,2.00058
142.2600,2.00028
142.2800,1.99998
142.3000,1.99968
142.3200,1.99938
142.3400,1.99909
142.3600,1.99879
142.3800,1.99849
142.4000,1.99820
142.4200,1.99790
142.4400,1.99761
142.4600,1.99732
142.4800,1.99702
142.5000,1.99673
142.5200,1.99644
142.5400,1.99615
142.5600,1.99586
142.5800,1.99558
142.6000,1.99529
142.6200,1.99500
142.6400,1.99472
142.6600,1.99443
142.6800,1.99415
142.7000,1.99387
142.7200,1.99358
142.7400,1.99330
142.7600,1.99302
142.7800,1.99274
142.8000,1.99246
142.8200,1.99218
142.8400,1.99191
142.8600,1.99163
142.8800,1.99135
142.9000,1.99108
142.9200,1.99080
142.9400,1.99053
142.9600,1.99026
142.9800,1.98999
143.0000,1.98972
143.0200,1.98945
143.0400,1.98918
143.0600,1.98891
143.0800,1.98864
143.1000,1.98837
143.1200,1.98811
143.1400,1.98784
143.1600,1.98758
143.1800,1.98731
143.2000,1.98705
143.2200,1.98679
143.2400,1.98652
143.2600,1.98626
143.2800,1.98600
143.3000,1.98574
143.3200,1.98549
143.3400,1.98523
143.3600,1.98497
143.3800,1.98472
143.4000,1.98446
143.4200,1.98421
143.4400,1.98395
143.4600,1.98370
143.4800,1.98345
143.5000,1.98320
143.5200,1.98295
143.5400,1.98270
143.5600,1.98245
143.5800,1.98220
143.6000,1.98195
143.6200,1.98171
143.6400,1.98146
143.6600,1.98122
143.6800,1.98097
143.7000,1.98073
143.7200,1.98049
143.7400,1.98024
143.7600,1.98000
143.7800,1.97976
143.8000,1.97952
143.8200,1.97928
143.8400,1.97905
143.8600,1.97881
143.8800,1.97857
143.9000,1.97834
143.9200,1.97810
143.9400,1.97787
143.9600,1.97763
143.9800,1.97740
144.0000,1.97717
144.0200,1.97694
144.0400,1.97671
144.0600,1.97648
144.0800,1.97625
144.1000,1.97602
144.1200,1.97580
144.1400,1.97557
144.1600,1.97534
144.1800,1.97512
144.2000,1.97490
144.2200,1.97467
144.2400,1.97445
144.2600,1.97423
144.2800,1.97401
144.3000,1.97379
144.3200,1.97357
144.3400,1.97335
144.3600,1.97313
144.3800,1.97291
144.4000,1.97270
144.4200,1.97248
144.4400,1.97227
144.4600,1.97205
144.4800,1.97184
144.5000,1.97163
144.5200,1.97141
144.5400,1.97120
144.5600,1.97099
144.5800,1.97078
144.6000,1.97057
144.6200,1.97037
144.6400,1.97016
144.6600,1.96995
144.6800,1.96975
144.7000,1.96954
144.7200,1.96934
144.7400,1.96913
144.7600,1.96893
144.7800,1.96873
144.8000,1.96853
144.8200,1.96833
144.8400,1.96813
144.8600,1.96793
144.8800,1.96773
144.9000,1.96753
144.9200,1.96734
144.9400,1.96714
144.9600,1.96694
144.9800,1.96675
145.0000,1.96655
145.0200,1.96636
145.0400,1.96617
145.0600,1.96598
145.0800,1.96579
145.1000,1.96560
145.1200,1.96541
145.1400,1.96522
145.1600,1.96503
145.1800,1.96484
145.2000,1.96466
145.2200,1.96447
145.2400,1.96428
145.2600,1.96410
145.2800,1.96392
145.3000,1.96373
145.3200,1.96355
145.3400,1.96337
145.3600,1.96319
145.3800,1.96301
145.4000,1.96283
145.4200,1.96265
145.4400,1.96247
145.4600,1.96230
145.4800,1.96212
145.5000,1.96194
145.5200,1.96177
145.5400,1.96159
145.5600,1.96142
145.5800,1.96125
145.6000,1.96108
145.6200,1.96090
145.6400,1.96073
145.6600,1.96056
145.6800,1.96039
145.7000,1.96023
145.7200,1.96006
145.7400,1.95989
145.7600,1.95972
145.7800,1.95956
145.8000,1.95939
145.8200,1.95923
145.8400,1.95906
145.8600,1.95890
145.8800,1.95874
145.9000,1.95858
145.9200,1.95842
145.9400,1.95826
145.9600,1.95810
145.9800,1.95794
146.0000,1.95778
146.0200,1.95762
146.0400,1.95747
146.0600,1.95731
146.0800,1.95715
146.1000,1.95700
146.1200,1.95685
146.1400,1.95669
146.1600,1.95654
146.1800,1.95639
146.2000,1.95624
146.2200,1.95609
146.2400,1.95594
146.2600,1.95579
146.2800,1.95564
146.3000,1.95549
146.3200,1.95534
146.3400,1.95520
146.3600,1.95505
146.3800,1.95491
146.4000,1.95476
146.4200,1.95462
146.4400,1.95448
146.4600,1.95433
146.4800,1.95419
146.5000,1.95405
146.5200,1.95391
146.5400,1.95377
146.5600,1.95363
146.5800,1.95349
146.6000,1.95336
146.6200,1.95322
146.6400,1.95308
146.6600,1.95295
146.6800,1.95281
146.7000,1.95268
146.7200,1.95254
146.7400,1.95241
146.7600,1.95228
146.7800,1.95215
146.8000,1.95201
146.8200,1.95188
146.8400,1.95175
146.8600,1.95163
146.8800,1.95150
146.9000,1.95137
146.9200,1.95124
146.9400,1.95112
146.9600,1.95099
146.9800,1.95086
147.0000,1.95074
147.0200,1.95062
147.0400,1.95049
147.0600,1.95037
147.0800,1.95025
147.1000,1.95013
147.1200,1.95001
147.1400,1.94989
147.1600,1.94977
147.1800,1.94965
147.2000,1.94953
147.2200,1.94941
147.2400,1.94930
147.2600,1.94918
147.2800,1.94906
147.3000,1.94895
147.3200,1.94883
147.3400,1.94872
147.3600,1.94861
147.3800,1.94849
147.4000,1.94838
147.4200,1.94827
147.4400,1.94816
147.4600,1.94805
147.4800,1.94794
147.5000,1.94783
147.5200,1.94772
147.5400,1.94762
147.5600,1.94751
147.5800,1.94740
147.6000,1.94730
147.6200,1.94719
147.6400,1.94709
147.6600,1.94698
147.6800,1.94688
147.7000,1.94678
147.7200,1.94668
147.7400,1.94657
147.7600,1.94647
147.7800,1.94637
147.8000,1.94627
147.8200,1.94618
147.8400,1.94608
147.8600,1.94598
147.8800,1.94588
147.9000,1.94579
147.9200,1.94569
147.9400,1.94559
147.9600,1.94550
147.9800,1.94540
148.0000,1.94531
148.0200,1.94522
148.0400,1.94513
148.0600,1.94503
148.0800,1.94494
148.1000,1.94485
148.1200,1.94476
148.1400,1.94467
148.1600,1.94458
148.1800,1.94449
148.2000,1.94441
148.2200,1.94432
148.2400,1.94423
148.2600,1.94415
148.2800,1.94406
148.3000,1.94398
148.3200,1.94389
148.3400,1.94381
148.3600,1.94372
148.3800,1.94364
148.4000,1.94356
148.4200,1.94348
148.4400,1.94340
148.4600,1.94332
148.4800,1.94324
148.5000,1.94316
148.5200,1.94308
148.5400,1.94300
148.5600,1.94292
148.5800,1.94285
148.6000,1.94277
148.6200,1.94269
148.6400,1.94262
148.6600,1.94254
148.6800,1.94247
148.7000,1.94239
148.7200,1.94232
148.7400,1.94225
148.7600,1.94218
148.7800,1.94211
148.8000,1.94203
148.8200,1.94196
148.8400,1.94189
148.8600,1.94182
148.8800,1.94176
148.9000,1.94169
148.9200,1.94162
148.9400,1.94155
148.9600,1.94149
148.9800,1.94142
149.0000,1.94135
149.0200,1.94129
149.0400,1.94122
149.0600,1.94116
149.0800,1.94110
149.1000,1.94103
149.1200,1.94097
149.1400,1.94091
149.1600,1.94085
149.1800,1.94079
149.2000,1.94072
149.2200,1.94066
149.2400,1.94061
149.2600,1.94055
149.2800,1.94049
149.3000,1.94043
149.3200,1.94037
149.3400,1.94032
149.3600,1.94026
149.3800,1.94020
149.4000,1.94015
149.4200,1.94009
149.4400,1.94004
149.4600,1.93998
149.4800,1.93993
149.5000,1.93988
149.5200,1.93983
149.5400,1.93977
149.5600,1.93972
149.5800,1.93967
149.6000,1.93962
149.6200,1.93957
149.6400,1.93952
149.6600,1.93947
149.6800,1.93942
149.7000,1.93938
149.7200,1.93933
149.7400,1.93928
149.7600,1.93923
149.7800,1.93919
149.8000,1.93914
149.8200,1.93910
149.8400,1.93905
149.8600,1.93901
149.8800,1.93896
149.9000,1.93892
149.9200,1.93888
149.9400,1.93884
149.9600,1.93879
149.9800,1.93875
150.0000,1.93871
150.0200,1.93867
150.0400,1.93863
150.0600,1.93859
150.0800,1.93855
150.1000,1.93851
150.1200,1.93848
150.1400,1.93844
150.1600,1.93840
150.1800,1.93836
150.2000,1.93833
150.2200,1.93829
150.2400,1.93825
150.2600,1.93822
150.2800,1.93819
150.3000,1.93815
150.3200,1.93812
150.3400,1.93808
150.3600,1.93805
150.3800,1.93802
150.4000,1.93799
150.4200,1.93795
150.4400,1.93792
150.4600,1.93789
150.4800,1.93786
150.5000,1.93783
150.5200,1.93780
150.5400,1.93777
150.5600,1.93774
150.5800,1.93772
150.6000,1.93769
150.6200,1.93766
150.6400,1.93763
150.6600,1.93761
150.6800,1.93758
150.7000,1.93756
150.7200,1.93753
150.7400,1.93751
150.7600,1.93748
150.7800,1.93746
150.8000,1.93743
150.8200,1.93741
150.8400,1.93739
150.8600,1.93736
150.8800,1.93734
150.9000,1.93732
150.9200,1.93730
150.9400,1.93728
150.9600,1.93726
150.9800,1.93724
151.0000,1.93722
151.0200,1.93720
151.0400,1.93718
151.0600,1.93716
151.0800,1.93714
151.1000,1.93712
151.1200,1.93711
151.1400,1.93709
151.1600,1.93707
151.1800,1.93706
151.2000,1.93704
151.2200,1.93703
151.2400,1.93701
151.2600,1.93700
151.2800,1.93698
151.3000,1.93697
151.3200,1.93695
151.3400,1.93694
151.3600,1.93693
151.3800,1.93691
151.4000,1.93690
151.4200,1.93689
151.4400,1.93688
151.4600,1.93687
151.4800,1.93686
151.5000,1.93685
151.5200,1.93683
151.5400,1.93683
151.5600,1.93682
151.5800,1.93681
151.6000,1.93680
151.6200,1.93679
151.6400,1.93678
151.6600,1.93677
151.6800,1.93677
151.7000,1.93676
151.7200,1.93675
151.7400,1.93675
151.7600,1.93674
151.7800,1.93673
151.8000,1.93673
151.8200,1.93672
151.8400,1.93672
151.8600,1.93671
151.8800,1.93671
151.9000,1.93671
151.9200,1.93670
151.9400,1.93670
151.9600,1.93670
151.9800,1.93669
152.0000,1.93669
152.0200,1.93669
152.0400,1.93669
152.0600,1.93669
152.0800,1.93668
152.1000,1.93668
152.1200,1.93668
152.1400,1.93668
152.1600,1.93668
152.1800,1.93668
152.2000,1.93668
152.2200,1.93669
152.2400,1.93669
152.2600,1.93669
152.2800,1.93669
152.3000,1.93669
152.3200,1.93670
152.3400,1.93670
152.3600,1.93670
152.3800,1.93670
152.4000,1.93671
152.4200,1.93671
152.4400,1.93672
152.4600,1.93672
152.4800,1.93673
152.5000,1.93673
152.5200,1.93674
152.5400,1.93674
152.5600,1.93675
152.5800,1.93675
152.6000,1.93676
152.6200,1.93677
152.6400,1.93677
152.6600,1.93678
152.6800,1.93679
152.7000,1.93679
152.7200,1.93680
152.7400,1.93681
152.7600,1.93682
152.7800,1.93683
152.8000,1.93684
152.8200,1.93685
152.8400,1.93686
152.8600,1.93686
152.8800,1.93687
152.9000,1.93688
152.9200,1.93690
152.9400,1.93691
152.9600,1.93692
152.9800,1.93693
153.0000,1.93694
153.0200,1.93695
153.0400,1.93696
153.0600,1.93697
153.0800,1.93699
153.1000,1.93700
153.1200,1.93701
153.1400,1.93702
153.1600,1.93704
153.1800,1.93705
153.2000,1.93706
153.2200,1.93708
153.2400,1.93709
153.2600,1.93711
153.2800,1.93712
153.3000,1.93713
153.3200,1.93715
153.3400,1.93716
153.3600,1.93718
153.3800,1.93719
153.4000,1.93721
153.4200,1.93723
153.4400,1.93724
153.4600,1.93726
153.4800,1.93727
153.5000,1.93729
153.5200,1.93731
153.5400,1.93732
153.5600,1.93734
153.5800,1.93736
153.6000,1.93738
153.6200,1.93739
153.6400,1.93741
153.6600,1.93743
153.6800,1.93745
153.7000,1.93747
153.7200,1.93748
153.7400,1.93750
153.7600,1.93752
153.7800,1.93754
153.8000,1.93756
153.8200,1.93758
153.8400,1.93760
153.8600,1.93762
153.8800,1.93764
153.9000,1.93766
153.9200,1.93768
153.9400,1.93770
153.9600,1.93772
153.9800,1.93774
154.0000,1.93776
154.0200,1.93778
154.0400,1.93780
154.0600,1.93782
154.0800,1.93785
154.1000,1.93787
154.1200,1.93789
154.1400,1.93791
154.1600,1.93793
154.1800,1.93795
154.2000,1.93798
154.2200,1.93800
154.2400,1.93802
154.2600,1.93804
154.2800,1.93807
154.3000,1.93809
154.3200,1.93811
154.3400,1.93813
154.3600,1.93816
154.3800,1.93818
154.4000,1.93820
154.4200,1.93823
154.4400,1.93825
154.4600,1.93827
154.4800,1.93830
154.5000,1.93832
154.5200,1.93835
154.5400,1.93837
154.5600,1.93839
154.5800,1.93842
154.6000,1.93844
154.6200,1.93847
154.6400,1.93849
154.6600,1.93852
154.6800,1.93854
154.7000,1.93857
154.7200,1.93859
154.7400,1.93862
154.7600,1.93864
154.7800,1.93867
154.8000,1.93869
154.8200,1.93872
154.8400,1.93874
154.8600,1.93877
154.8800,1.93879
154.9000,1.93882
154.9200,1.93884
154.9400,1.93887
154.9600,1.93890
154.9800,1.93892
155.0000,1.93895
155.0200,1.93897
155.0400,1.93900
155.0600,1.93903
155.0800,1.93905
155.1000,1.93908
155.1200,1.93911
155.1400,1.93913
155.1600,1.93916
155.1800,1.93918
155.2000,1.93921
155.2200,1.93924
155.2400,1.93926
155.2600,1.93929
155.2800,1.93932
155.3000,1.93934
155.3200,1.93937
155.3400,1.93940
155.3600,1.93942
155.3800,1.93945
155.4000,1.93948
155.4200,1.93950
155.4400,1.93953
155.4600,1.93956
155.4800,1.93959
155.5000,1.93961
155.5200,1.93964
155.5400,1.93967
155.5600,1.93969
155.5800,1.93972
155.6000,1.93975
155.6200,1.93977
155.6400,1.93980
155.6600,1.93983
155.6800,1.93986
155.7000,1.93988
155.7200,1.93991
155.7400,1.93994
155.7600,1.93996
155.7800,1.93999
155.8000,1.94002
155.8200,1.94004
155.8400,1.94007
155.8600,1.94010
155.8800,1.94013
155.9000,1.94015
155.9200,1.94018
155.9400,1.94021
155.9600,1.94023
155.9800,1.94026
156.0000,1.94029
156.0200,1.94031
156.0400,1.94034
156.0600,1.94037
156.0800,1.94039
156.1000,1.94042
156.1200,1.94045
156.1400,1.94047
156.1600,1.94050
156.1800,1.94053
156.2000,1.94055
156.2200,1.94058
156.2400,1.94061
156.2600,1.94063
156.2800,1.94066
156.3000,1.94069
156.3200,1.94071
156.3400,1.94074
156.3600,1.94076
156.3800,1.94079
156.4000,1.94082
156.4200,1.94084
156.4400,1.94087
156.4600,1.94089
156.4800,1.94092
156.5000,1.94095
156.5200,1.94097
156.5400,1.94100
156.5600,1.94102
156.5800,1.94105
156.6000,1.94107
156.6200,1.94110
156.6400,1.94112
156.6600,1.94115
156.6800,1.94117
156.7000,1.94120
156.7200,1.94122
156.7400,1.94125
156.7600,1.94127
156.7800,1.94130
156.8000,1.94132
156.8200,1.94134
156.8400,1.94137
156.8600,1.94139
156.8800,1.94142
156.9000,1.94144
156.9200,1.94147
156.9400,1.94149
156.9600,1.94151
156.9800,1.94154
157.0000,1.94156
157.0200,1.94158
157.0400,1.94161
157.0600,1.94163
157.0800,1.94165
157.1000,1.94167
157.1200,1.94170
157.1400,1.94172
157.1600,1.94174
157.1800,1.94176
157.2000,1.94179
157.2200,1.94181
157.2400,1.94183
157.2600,1.94185
157.2800,1.94187
157.3000,1.94189
157.3200,1.94192
157.3400,1.94194
157.3600,1.94196
157.3800,1.94198
157.4000,1.94200
157.4200,1.94202
157.4400,1.94204
157.4600,1.94206
157.4800,1.94208
157.5000,1.94210
157.5200,1.94212
157.5400,1.94214
157.5600,1.94216
157.5800,1.94218
157.6000,1.94220
157.6200,1.94222
157.6400,1.94224
157.6600,1.94225
157.6800,1.94227
157.7000,1.94229
157.7200,1.94231
157.7400,1.94233
157.7600,1.94235
157.7800,1.94236
157.8000,1.94238
157.8200,1.94240
157.8400,1.94241
157.8600,1.94243
157.8800,1.94245
157.9000,1.94246
157.9200,1.94248
157.9400,1.94250
157.9600,1.94251
157.9800,1.94253
158.0000,1.94254
158.0200,1.94256
158.0400,1.94257
158.0600,1.94259
158.0800,1.94260
158.1000,1.94262
158.1200,1.94263
158.1400,1.94265
158.1600,1.94266
158.1800,1.94267
158.2000,1.94269
158.2200,1.94270
158.2400,1.94271
158.2600,1.94273
158.2800,1.94274
158.3000,1.94275
158.3200,1.94276
158.3400,1.94277
158.3600,1.94279
158.3800,1.94280
158.4000,1.94281
158.4200,1.94282
158.4400,1.94283
158.4600,1.94284
158.4800,1.94285
158.5000,1.94286
158.5200,1.94287
158.5400,1.94288
158.5600,1.94289
158.5800,1.94290
158.6000,1.94290
158.6200,1.94291
158.6400,1.94292
158.6600,1.94293
158.6800,1.94294
158.7000,1.94294
158.7200,1.94295
158.7400,1.94296
158.7600,1.94296
158.7800,1.94297
158.8000,1.94298
158.8200,1.94298
158.8400,1.94299
158.8600,1.94299
158.8800,1.94300
158.9000,1.94300
158.9200,1.94301
158.9400,1.94301
158.9600,1.94301
158.9800,1.94302
159.0000,1.94302
159.0200,1.94302
159.0400,1.94303
159.0600,1.94303
159.0800,1.94303
159.1000,1.94303
159.1200,1.94303
159.1400,1.94303
159.1600,1.94303
159.1800,1.94303
159.2000,1.94304
159.2200,1.94303
159.2400,1.94303
159.2600,1.94303
159.2800,1.94303
159.3000,1.94303
159.3200,1.94303
159.3400,1.94303
159.3600,1.94303
159.3800,1.94302
159.4000,1.94302
159.4200,1.94302
159.4400,1.94301
159.4600,1.94301
159.4800,1.94300
159.5000,1.94300
159.5200,1.94299
159.5400,1.94299
159.5600,1.94298
159.5800,1.94298
159.6000,1.94297
159.6200,1.94296
159.6400,1.94296
159.6600,1.94295
159.6800,1.94294
159.7000,1.94293
159.7200,1.94293
159.7400,1.94292
159.7600,1.94291
159.7800,1.94290
159.8000,1.94289
159.8200,1.94288
159.8400,1.94287
159.8600,1.94286
159.8800,1.94285
159.9000,1.94283
159.9200,1.94282
159.9400,1.94281
159.9600,1.94280
159.9800,1.94278
160.0000,1.94277
160.0200,1.94276
160.0400,1.94274
160.0600,1.94273
160.0800,1.94271
160.1000,1.94270
160.1200,1.94268
160.1400,1.94266
160.1600,1.94265
160.1800,1.94263
160.2000,1.94261
160.2200,1.94260
160.2400,1.94258
160.2600,1.94256
160.2800,1.94254
160.3000,1.94252
160.3200,1.94250
160.3400,1.94248
160.3600,1.94246
160.3800,1.94244
160.4000,1.94242
160.4200,1.94240
160.4400,1.94237
160.4600,1.94235
160.4800,1.94233
160.5000,1.94230
160.5200,1.94228
160.5400,1.94226
160.5600,1.94223
160.5800,1.94221
160.6000,1.94218
160.6200,1.94215
160.6400,1.94213
160.6600,1.94210
160.6800,1.94207
160.7000,1.94205
160.7200,1.94202
160.7400,1.94199
160.7600,1.94196
160.7800,1.94193
160.8000,1.94190
160.8200,1.94187
160.8400,1.94184
160.8600,1.94181
160.8800,1.94178
160.9000,1.94174
160.9200,1.94171
160.9400,1.94168
160.9600,1.94164
160.9800,1.94161
161.0000,1.94158
161.0200,1.94154
161.0400,1.94151
161.0600,1.94147
161.0800,1.94143
161.1000,1.94140
161.1200,1.94136
161.1400,1.94132
161.1600,1.94128
161.1800,1.94124
161.2000,1.94121
161.2200,1.94117
161.2400,1.94113
161.2600,1.94108
161.2800,1.94104
161.3000,1.94100
161.3200,1.94096
161.3400,1.94092
161.3600,1.94087
161.3800,1.94083
161.4000,1.94079
161.4200,1.94074
161.4400,1.94070
161.4600,1.94065
161.4800,1.94061
161.5000,1.94056
161.5200,1.94051
161.5400,1.94046
161.5600,1.94042
161.5800,1.94037
161.6000,1.94032
161.6200,1.94027
161.6400,1.94022
161.6600,1.94017
161.6800,1.94012
161.7000,1.94007
161.7200,1.94001
161.7400,1.93996
161.7600,1.93991
161.7800,1.93985
161.8000,1.93980
161.8200,1.93975
161.8400,1.93969
161.8600,1.93963
161.8800,1.93958
161.9000,1.93952
161.9200,1.93946
161.9400,1.93941
161.9600,1.93935
161.9800,1.93929
162.0000,1.93923
162.0200,1.93917
162.0400,1.93911
162.0600,1.93905
162.0800,1.93898
162.1000,1.93892
162.1200,1.93886
162.1400,1.93880
162.1600,1.93873
162.1800,1.93867
162.2000,1.93860
162.2200,1.93854
162.2400,1.93847
162.2600,1.93840
162.2800,1.93834
162.3000,1.93827
162.3200,1.93820
162.3400,1.93813
162.3600,1.93806
162.3800,1.93799
162.4000,1.93792
162.4200,1.93785
162.4400,1.93778
162.4600,1.93771
162.4800,1.93763
162.5000,1.93756
162.5200,1.93748
162.5400,1.93741
162.5600,1.93733
162.5800,1.93726
162.6000,1.93718
162.6200,1.93710
162.6400,1.93703
162.6600,1.93695
162.6800,1.93687
162.7000,1.93679
162.7200,1.93671
162.7400,1.93663
162.7600,1.93655
162.7800,1.93647
162.8000,1.93638
162.8200,1.93630
162.8400,1.93622
162.8600,1.93613
162.8800,1.93605
162.9000,1.93596
162.9200,1.93588
162.9400,1.93579
162.9600,1.93570
162.9800,1.93561
163.0000,1.93552
163.0200,1.93544
163.0400,1.93535
163.0600,1.93525
163.0800,1.93516
163.1000,1.93507
163.1200,1.93498
163.1400,1.93489
163.1600,1.93479
163.1800,1.93470
163.2000,1.93460
163.2200,1.93451
163.2400,1.93441
163.2600,1.93432
163.2800,1.93422
163.3000,1.93412
163.3200,1.93402
163.3400,1.93392
163.3600,1.93382
163.3800,1.93372
163.4000,1.93362
163.4200,1.93352
163.4400,1.93341
163.4600,1.93331
163.4800,1.93321
163.5000,1.93310
163.5200,1.93300
163.5400,1.93289
163.5600,1.93278
163.5800,1.93268
163.6000,1.93257
163.6200,1.93246
163.6400,1.93235
163.6600,1.93224
163.6800,1.93213
163.7000,1.93202
163.7200,1.93191
163.7400,1.93180
163.7600,1.93168
163.7800,1.93157
163.8000,1.93145
163.8200,1.93134
